raceId,driverId,finish_position,qualifying_position,grid_position,pit_lane_start,has_finish_position,positionText
1058,charles-leclerc,1.0,1.0,1.0,0,1,1
1058,carlos-sainz-jr,2.0,3.0,3.0,0,1,2
1058,lewis-hamilton,3.0,5.0,5.0,0,1,3
1058,george-russell,4.0,9.0,9.0,0,1,4
1058,kevin-magnussen,5.0,7.0,7.0,0,1,5
1058,valtteri-bottas,6.0,6.0,6.0,0,1,6
1058,esteban-ocon,7.0,11.0,11.0,0,1,7
1058,yuki-tsunoda,8.0,16.0,16.0,0,1,8
1058,fernando-alonso,9.0,8.0,8.0,0,1,9
1058,guanyu-zhou,10.0,15.0,15.0,0,1,10
1058,mick-schumacher,11.0,12.0,12.0,0,1,11
1058,lance-stroll,12.0,19.0,19.0,0,1,12
1058,alexander-albon,13.0,14.0,14.0,0,1,13
1058,daniel-ricciardo,14.0,18.0,18.0,0,1,14
1058,lando-norris,15.0,13.0,13.0,0,1,15
1058,nicholas-latifi,16.0,20.0,20.0,0,1,16
1058,nico-hulkenberg,17.0,17.0,17.0,0,1,17
1058,sergio-perez,18.0,4.0,4.0,0,1,18
1058,max-verstappen,19.0,2.0,2.0,0,1,19
1058,pierre-gasly,,10.0,10.0,0,0,DNF
1059,max-verstappen,1.0,4.0,4.0,0,1,1
1059,charles-leclerc,2.0,2.0,2.0,0,1,2
1059,carlos-sainz-jr,3.0,3.0,3.0,0,1,3
1059,sergio-perez,4.0,1.0,1.0,0,1,4
1059,george-russell,5.0,6.0,6.0,0,1,5
1059,esteban-ocon,6.0,5.0,5.0,0,1,6
1059,lando-norris,7.0,11.0,11.0,0,1,7
1059,pierre-gasly,8.0,9.0,9.0,0,1,8
1059,kevin-magnussen,9.0,10.0,10.0,0,1,9
1059,lewis-hamilton,10.0,16.0,15.0,0,1,10
1059,guanyu-zhou,11.0,13.0,12.0,0,1,11
1059,nico-hulkenberg,12.0,18.0,17.0,0,1,12
1059,lance-stroll,13.0,15.0,13.0,0,1,13
1059,alexander-albon,14.0,17.0,16.0,0,1,14
1059,valtteri-bottas,,8.0,8.0,0,0,DNF
1059,fernando-alonso,,7.0,7.0,0,0,DNF
1059,daniel-ricciardo,,12.0,14.0,0,0,DNF
1059,nicholas-latifi,,19.0,18.0,0,0,DNF
1059,yuki-tsunoda,,,19.0,0,0,DNS
1059,mick-schumacher,,14.0,,0,0,DNS
1060,charles-leclerc,1.0,1.0,1.0,0,1,1
1060,sergio-perez,2.0,3.0,3.0,0,1,2
1060,george-russell,3.0,6.0,6.0,0,1,3
1060,lewis-hamilton,4.0,5.0,5.0,0,1,4
1060,lando-norris,5.0,4.0,4.0,0,1,5
1060,daniel-ricciardo,6.0,7.0,7.0,0,1,6
1060,esteban-ocon,7.0,8.0,8.0,0,1,7
1060,valtteri-bottas,8.0,12.0,12.0,0,1,8
1060,pierre-gasly,9.0,11.0,11.0,0,1,9
1060,alexander-albon,10.0,,20.0,0,1,10
1060,guanyu-zhou,11.0,14.0,14.0,0,1,11
1060,lance-stroll,12.0,,19.0,0,1,12
1060,mick-schumacher,13.0,15.0,15.0,0,1,13
1060,kevin-magnussen,14.0,16.0,16.0,0,1,14
1060,yuki-tsunoda,15.0,13.0,13.0,0,1,15
1060,nicholas-latifi,16.0,18.0,18.0,0,1,16
1060,fernando-alonso,17.0,10.0,10.0,0,1,17
1060,max-verstappen,,2.0,2.0,0,0,DNF
1060,sebastian-vettel,,17.0,17.0,0,0,DNF
1060,carlos-sainz-jr,,9.0,9.0,0,0,DNF
1061,max-verstappen,1.0,1.0,1.0,0,1,1
1061,sergio-perez,2.0,7.0,3.0,0,1,2
1061,lando-norris,3.0,3.0,5.0,0,1,3
1061,george-russell,4.0,11.0,11.0,0,1,4
1061,valtteri-bottas,5.0,8.0,7.0,0,1,5
1061,charles-leclerc,6.0,2.0,2.0,0,1,6
1061,yuki-tsunoda,7.0,16.0,12.0,0,1,7
1061,sebastian-vettel,8.0,9.0,13.0,0,1,8
1061,kevin-magnussen,9.0,4.0,8.0,0,1,9
1061,lance-stroll,10.0,15.0,15.0,0,1,10
1061,alexander-albon,11.0,,18.0,0,1,11
1061,pierre-gasly,12.0,17.0,17.0,0,1,12
1061,lewis-hamilton,13.0,13.0,14.0,0,1,13
1061,esteban-ocon,14.0,19.0,16.0,0,1,14
1061,guanyu-zhou,15.0,14.0,,1,1,15
1061,nicholas-latifi,16.0,18.0,19.0,0,1,16
1061,mick-schumacher,17.0,12.0,10.0,0,1,17
1061,daniel-ricciardo,18.0,6.0,6.0,0,1,18
1061,fernando-alonso,,5.0,9.0,0,0,DNF
1061,carlos-sainz-jr,,10.0,4.0,0,0,DNF
1062,max-verstappen,1.0,3.0,3.0,0,1,1
1062,charles-leclerc,2.0,1.0,1.0,0,1,2
1062,carlos-sainz-jr,3.0,2.0,2.0,0,1,3
1062,sergio-perez,4.0,4.0,4.0,0,1,4
1062,george-russell,5.0,12.0,12.0,0,1,5
1062,lewis-hamilton,6.0,6.0,6.0,0,1,6
1062,valtteri-bottas,7.0,5.0,5.0,0,1,7
1062,esteban-ocon,8.0,,20.0,0,1,8
1062,alexander-albon,9.0,18.0,18.0,0,1,9
1062,lance-stroll,10.0,10.0,10.0,0,1,10
1062,fernando-alonso,11.0,11.0,11.0,0,1,11
1062,yuki-tsunoda,12.0,9.0,9.0,0,1,12
1062,daniel-ricciardo,13.0,14.0,14.0,0,1,13
1062,nicholas-latifi,14.0,19.0,19.0,0,1,14
1062,mick-schumacher,15.0,15.0,15.0,0,1,15
1062,kevin-magnussen,16.0,16.0,16.0,0,1,16
1062,sebastian-vettel,17.0,13.0,13.0,0,1,17
1062,pierre-gasly,,7.0,7.0,0,0,DNF
1062,lando-norris,,8.0,8.0,0,0,DNF
1062,guanyu-zhou,,17.0,17.0,0,0,DNF
1063,max-verstappen,1.0,2.0,2.0,0,1,1
1063,sergio-perez,2.0,5.0,5.0,0,1,2
1063,george-russell,3.0,4.0,4.0,0,1,3
1063,carlos-sainz-jr,4.0,3.0,3.0,0,1,4
1063,lewis-hamilton,5.0,6.0,6.0,0,1,5
1063,valtteri-bottas,6.0,7.0,7.0,0,1,6
1063,esteban-ocon,7.0,12.0,12.0,0,1,7
1063,lando-norris,8.0,11.0,11.0,0,1,8
1063,fernando-alonso,9.0,17.0,20.0,0,1,9
1063,yuki-tsunoda,10.0,13.0,13.0,0,1,10
1063,sebastian-vettel,11.0,16.0,16.0,0,1,11
1063,daniel-ricciardo,12.0,9.0,9.0,0,1,12
1063,pierre-gasly,13.0,14.0,14.0,0,1,13
1063,mick-schumacher,14.0,10.0,10.0,0,1,14
1063,lance-stroll,15.0,18.0,17.0,0,1,15
1063,nicholas-latifi,16.0,20.0,19.0,0,1,16
1063,kevin-magnussen,17.0,8.0,8.0,0,1,17
1063,alexander-albon,18.0,19.0,18.0,0,1,18
1063,guanyu-zhou,,15.0,15.0,0,0,DNF
1063,charles-leclerc,,1.0,1.0,0,0,DNF
1064,sergio-perez,1.0,3.0,3.0,0,1,1
1064,carlos-sainz-jr,2.0,2.0,2.0,0,1,2
1064,max-verstappen,3.0,4.0,4.0,0,1,3
1064,charles-leclerc,4.0,1.0,1.0,0,1,4
1064,george-russell,5.0,6.0,6.0,0,1,5
1064,lando-norris,6.0,5.0,5.0,0,1,6
1064,fernando-alonso,7.0,7.0,7.0,0,1,7
1064,lewis-hamilton,8.0,8.0,8.0,0,1,8
1064,valtteri-bottas,9.0,12.0,12.0,0,1,9
1064,sebastian-vettel,10.0,9.0,9.0,0,1,10
1064,pierre-gasly,11.0,17.0,17.0,0,1,11
1064,esteban-ocon,12.0,10.0,10.0,0,1,12
1064,daniel-ricciardo,13.0,14.0,14.0,0,1,13
1064,lance-stroll,14.0,18.0,18.0,0,1,14
1064,nicholas-latifi,15.0,19.0,19.0,0,1,15
1064,guanyu-zhou,16.0,20.0,20.0,0,1,16
1064,yuki-tsunoda,17.0,11.0,11.0,0,1,17
1064,alexander-albon,,16.0,16.0,0,0,DNF
1064,mick-schumacher,,15.0,15.0,0,0,DNF
1064,kevin-magnussen,,13.0,13.0,0,0,DNF
1065,max-verstappen,1.0,3.0,3.0,0,1,1
1065,sergio-perez,2.0,2.0,2.0,0,1,2
1065,george-russell,3.0,5.0,5.0,0,1,3
1065,lewis-hamilton,4.0,7.0,7.0,0,1,4
1065,pierre-gasly,5.0,6.0,6.0,0,1,5
1065,sebastian-vettel,6.0,9.0,9.0,0,1,6
1065,fernando-alonso,7.0,10.0,10.0,0,1,7
1065,daniel-ricciardo,8.0,12.0,12.0,0,1,8
1065,lando-norris,9.0,11.0,11.0,0,1,9
1065,esteban-ocon,10.0,13.0,13.0,0,1,10
1065,valtteri-bottas,11.0,15.0,15.0,0,1,11
1065,alexander-albon,12.0,17.0,17.0,0,1,12
1065,yuki-tsunoda,13.0,8.0,8.0,0,1,13
1065,mick-schumacher,14.0,20.0,20.0,0,1,14
1065,nicholas-latifi,15.0,18.0,18.0,0,1,15
1065,lance-stroll,16.0,19.0,19.0,0,1,16
1065,kevin-magnussen,,16.0,16.0,0,0,DNF
1065,guanyu-zhou,,14.0,14.0,0,0,DNF
1065,charles-leclerc,,1.0,1.0,0,0,DNF
1065,carlos-sainz-jr,,4.0,4.0,0,0,DNF
1066,max-verstappen,1.0,1.0,1.0,0,1,1
1066,carlos-sainz-jr,2.0,3.0,3.0,0,1,2
1066,lewis-hamilton,3.0,4.0,4.0,0,1,3
1066,george-russell,4.0,8.0,8.0,0,1,4
1066,charles-leclerc,5.0,15.0,19.0,0,1,5
1066,esteban-ocon,6.0,7.0,7.0,0,1,6
1066,valtteri-bottas,7.0,11.0,11.0,0,1,7
1066,guanyu-zhou,8.0,10.0,10.0,0,1,8
1066,fernando-alonso,9.0,2.0,2.0,0,1,9
1066,lance-stroll,10.0,18.0,17.0,0,1,10
1066,daniel-ricciardo,11.0,9.0,9.0,0,1,11
1066,sebastian-vettel,12.0,17.0,16.0,0,1,12
1066,alexander-albon,13.0,12.0,12.0,0,1,13
1066,pierre-gasly,14.0,16.0,15.0,0,1,14
1066,lando-norris,15.0,14.0,14.0,0,1,15
1066,nicholas-latifi,16.0,19.0,18.0,0,1,16
1066,kevin-magnussen,17.0,5.0,5.0,0,1,17
1066,yuki-tsunoda,,20.0,20.0,0,0,DNF
1066,mick-schumacher,,6.0,6.0,0,0,DNF
1066,sergio-perez,,13.0,13.0,0,0,DNF
1067,carlos-sainz-jr,1.0,1.0,1.0,0,1,1
1067,sergio-perez,2.0,4.0,4.0,0,1,2
1067,lewis-hamilton,3.0,5.0,5.0,0,1,3
1067,charles-leclerc,4.0,3.0,3.0,0,1,4
1067,fernando-alonso,5.0,7.0,7.0,0,1,5
1067,lando-norris,6.0,6.0,6.0,0,1,6
1067,max-verstappen,7.0,2.0,2.0,0,1,7
1067,mick-schumacher,8.0,19.0,19.0,0,1,8
1067,sebastian-vettel,9.0,18.0,18.0,0,1,9
1067,kevin-magnussen,10.0,17.0,17.0,0,1,10
1067,lance-stroll,11.0,20.0,20.0,0,1,11
1067,nicholas-latifi,12.0,10.0,10.0,0,1,12
1067,daniel-ricciardo,13.0,14.0,14.0,0,1,13
1067,yuki-tsunoda,14.0,13.0,13.0,0,1,14
1067,esteban-ocon,,15.0,15.0,0,0,DNF
1067,pierre-gasly,,11.0,11.0,0,0,DNF
1067,valtteri-bottas,,12.0,12.0,0,0,DNF
1067,george-russell,,8.0,8.0,0,0,DNF
1067,guanyu-zhou,,9.0,9.0,0,0,DNF
1067,alexander-albon,,16.0,16.0,0,0,DNF
1068,charles-leclerc,1.0,2.0,2.0,0,1,1
1068,max-verstappen,2.0,1.0,1.0,0,1,2
1068,lewis-hamilton,3.0,9.0,8.0,0,1,3
1068,george-russell,4.0,4.0,4.0,0,1,4
1068,esteban-ocon,5.0,5.0,6.0,0,1,5
1068,mick-schumacher,6.0,7.0,9.0,0,1,6
1068,lando-norris,7.0,15.0,10.0,0,1,7
1068,kevin-magnussen,8.0,6.0,7.0,0,1,8
1068,daniel-ricciardo,9.0,16.0,11.0,0,1,9
1068,fernando-alonso,10.0,8.0,19.0,0,1,10
1068,valtteri-bottas,11.0,12.0,,1,1,11
1068,alexander-albon,12.0,11.0,15.0,0,1,12
1068,lance-stroll,13.0,17.0,12.0,0,1,13
1068,guanyu-zhou,14.0,18.0,13.0,0,1,14
1068,pierre-gasly,15.0,10.0,14.0,0,1,15
1068,yuki-tsunoda,16.0,14.0,16.0,0,1,16
1068,sebastian-vettel,17.0,20.0,18.0,0,1,17
1068,carlos-sainz-jr,,3.0,3.0,0,0,DNF
1068,nicholas-latifi,,19.0,17.0,0,0,DNF
1068,sergio-perez,,13.0,5.0,0,0,DNF
1069,max-verstappen,1.0,2.0,2.0,0,1,1
1069,lewis-hamilton,2.0,4.0,4.0,0,1,2
1069,george-russell,3.0,6.0,6.0,0,1,3
1069,sergio-perez,4.0,3.0,3.0,0,1,4
1069,carlos-sainz-jr,5.0,9.0,19.0,0,1,5
1069,fernando-alonso,6.0,7.0,7.0,0,1,6
1069,lando-norris,7.0,5.0,5.0,0,1,7
1069,esteban-ocon,8.0,12.0,10.0,0,1,8
1069,daniel-ricciardo,9.0,11.0,9.0,0,1,9
1069,lance-stroll,10.0,17.0,15.0,0,1,10
1069,sebastian-vettel,11.0,14.0,12.0,0,1,11
1069,pierre-gasly,12.0,16.0,14.0,0,1,12
1069,alexander-albon,13.0,15.0,13.0,0,1,13
1069,valtteri-bottas,14.0,13.0,11.0,0,1,14
1069,mick-schumacher,15.0,19.0,17.0,0,1,15
1069,guanyu-zhou,16.0,18.0,16.0,0,1,16
1069,nicholas-latifi,,20.0,18.0,0,0,DNF
1069,kevin-magnussen,,10.0,20.0,0,0,DNF
1069,charles-leclerc,,1.0,1.0,0,0,DNF
1069,yuki-tsunoda,,8.0,8.0,0,0,DNF
1070,max-verstappen,1.0,10.0,10.0,0,1,1
1070,lewis-hamilton,2.0,7.0,7.0,0,1,2
1070,george-russell,3.0,1.0,1.0,0,1,3
1070,carlos-sainz-jr,4.0,2.0,2.0,0,1,4
1070,sergio-perez,5.0,11.0,11.0,0,1,5
1070,charles-leclerc,6.0,3.0,3.0,0,1,6
1070,lando-norris,7.0,4.0,4.0,0,1,7
1070,fernando-alonso,8.0,6.0,6.0,0,1,8
1070,esteban-ocon,9.0,5.0,5.0,0,1,9
1070,sebastian-vettel,10.0,18.0,18.0,0,1,10
1070,lance-stroll,11.0,14.0,14.0,0,1,11
1070,pierre-gasly,12.0,19.0,20.0,0,1,12
1070,guanyu-zhou,13.0,12.0,12.0,0,1,13
1070,mick-schumacher,14.0,15.0,15.0,0,1,14
1070,daniel-ricciardo,15.0,9.0,9.0,0,1,15
1070,kevin-magnussen,16.0,13.0,13.0,0,1,16
1070,alexander-albon,17.0,17.0,17.0,0,1,17
1070,nicholas-latifi,18.0,20.0,19.0,0,1,18
1070,yuki-tsunoda,19.0,16.0,16.0,0,1,19
1070,valtteri-bottas,20.0,8.0,8.0,0,1,20
1071,max-verstappen,1.0,1.0,14.0,0,1,1
1071,sergio-perez,2.0,3.0,2.0,0,1,2
1071,carlos-sainz-jr,3.0,2.0,1.0,0,1,3
1071,george-russell,4.0,8.0,5.0,0,1,4
1071,fernando-alonso,5.0,6.0,3.0,0,1,5
1071,charles-leclerc,6.0,4.0,15.0,0,1,6
1071,esteban-ocon,7.0,5.0,16.0,0,1,7
1071,sebastian-vettel,8.0,16.0,10.0,0,1,8
1071,pierre-gasly,9.0,12.0,,1,1,9
1071,alexander-albon,10.0,9.0,6.0,0,1,10
1071,lance-stroll,11.0,14.0,9.0,0,1,11
1071,lando-norris,12.0,10.0,17.0,0,1,12
1071,yuki-tsunoda,13.0,19.0,20.0,0,1,13
1071,guanyu-zhou,14.0,13.0,18.0,0,1,14
1071,daniel-ricciardo,15.0,11.0,7.0,0,1,15
1071,kevin-magnussen,16.0,18.0,12.0,0,1,16
1071,mick-schumacher,17.0,15.0,19.0,0,1,17
1071,nicholas-latifi,18.0,17.0,11.0,0,1,18
1071,valtteri-bottas,,20.0,13.0,0,0,DNF
1071,lewis-hamilton,,7.0,4.0,0,0,DNF
1072,max-verstappen,1.0,1.0,1.0,0,1,1
1072,george-russell,2.0,6.0,6.0,0,1,2
1072,charles-leclerc,3.0,2.0,2.0,0,1,3
1072,lewis-hamilton,4.0,4.0,4.0,0,1,4
1072,sergio-perez,5.0,5.0,5.0,0,1,5
1072,fernando-alonso,6.0,13.0,13.0,0,1,6
1072,lando-norris,7.0,7.0,7.0,0,1,7
1072,carlos-sainz-jr,8.0,3.0,3.0,0,1,8
1072,esteban-ocon,9.0,12.0,12.0,0,1,9
1072,lance-stroll,10.0,10.0,10.0,0,1,10
1072,pierre-gasly,11.0,11.0,11.0,0,1,11
1072,alexander-albon,12.0,15.0,15.0,0,1,12
1072,mick-schumacher,13.0,8.0,8.0,0,1,13
1072,sebastian-vettel,14.0,19.0,19.0,0,1,14
1072,kevin-magnussen,15.0,18.0,18.0,0,1,15
1072,guanyu-zhou,16.0,14.0,14.0,0,1,16
1072,daniel-ricciardo,17.0,17.0,17.0,0,1,17
1072,nicholas-latifi,18.0,20.0,20.0,0,1,18
1072,valtteri-bottas,,16.0,16.0,0,0,DNF
1072,yuki-tsunoda,,9.0,9.0,0,0,DNF
1073,max-verstappen,1.0,2.0,7.0,0,1,1
1073,charles-leclerc,2.0,1.0,1.0,0,1,2
1073,george-russell,3.0,6.0,2.0,0,1,3
1073,carlos-sainz-jr,4.0,3.0,18.0,0,1,4
1073,lewis-hamilton,5.0,5.0,19.0,0,1,5
1073,sergio-perez,6.0,4.0,13.0,0,1,6
1073,lando-norris,7.0,7.0,3.0,0,1,7
1073,pierre-gasly,8.0,9.0,5.0,0,1,8
1073,nyck-de-vries,9.0,13.0,8.0,0,1,9
1073,guanyu-zhou,10.0,14.0,9.0,0,1,10
1073,esteban-ocon,11.0,11.0,14.0,0,1,11
1073,mick-schumacher,12.0,20.0,17.0,0,1,12
1073,valtteri-bottas,13.0,12.0,15.0,0,1,13
1073,yuki-tsunoda,14.0,15.0,20.0,0,1,14
1073,nicholas-latifi,15.0,16.0,10.0,0,1,15
1073,kevin-magnussen,16.0,19.0,16.0,0,1,16
1073,daniel-ricciardo,,8.0,4.0,0,0,DNF
1073,lance-stroll,,18.0,12.0,0,0,DNF
1073,fernando-alonso,,10.0,6.0,0,0,DNF
1073,sebastian-vettel,,17.0,11.0,0,0,DNF
1074,sergio-perez,1.0,2.0,2.0,0,1,1
1074,charles-leclerc,2.0,1.0,1.0,0,1,2
1074,carlos-sainz-jr,3.0,4.0,4.0,0,1,3
1074,lando-norris,4.0,6.0,6.0,0,1,4
1074,daniel-ricciardo,5.0,17.0,16.0,0,1,5
1074,lance-stroll,6.0,12.0,11.0,0,1,6
1074,max-verstappen,7.0,8.0,8.0,0,1,7
1074,sebastian-vettel,8.0,14.0,13.0,0,1,8
1074,lewis-hamilton,9.0,3.0,3.0,0,1,9
1074,pierre-gasly,10.0,7.0,7.0,0,1,10
1074,valtteri-bottas,11.0,16.0,15.0,0,1,11
1074,kevin-magnussen,12.0,9.0,9.0,0,1,12
1074,mick-schumacher,13.0,13.0,12.0,0,1,13
1074,george-russell,14.0,11.0,20.0,0,1,14
1074,yuki-tsunoda,,10.0,10.0,0,0,DNF
1074,esteban-ocon,,18.0,17.0,0,0,DNF
1074,alexander-albon,,19.0,18.0,0,0,DNF
1074,fernando-alonso,,5.0,5.0,0,0,DNF
1074,nicholas-latifi,,20.0,19.0,0,0,DNF
1074,guanyu-zhou,,15.0,14.0,0,0,DNF
1075,max-verstappen,1.0,1.0,1.0,0,1,1
1075,sergio-perez,2.0,4.0,4.0,0,1,2
1075,charles-leclerc,3.0,2.0,2.0,0,1,3
1075,esteban-ocon,4.0,5.0,5.0,0,1,4
1075,lewis-hamilton,5.0,6.0,6.0,0,1,5
1075,sebastian-vettel,6.0,9.0,9.0,0,1,6
1075,fernando-alonso,7.0,7.0,7.0,0,1,7
1075,george-russell,8.0,8.0,8.0,0,1,8
1075,nicholas-latifi,9.0,20.0,19.0,0,1,9
1075,lando-norris,10.0,10.0,10.0,0,1,10
1075,daniel-ricciardo,11.0,11.0,11.0,0,1,11
1075,lance-stroll,12.0,19.0,18.0,0,1,12
1075,yuki-tsunoda,13.0,13.0,13.0,0,1,13
1075,kevin-magnussen,14.0,18.0,17.0,0,1,14
1075,valtteri-bottas,15.0,12.0,12.0,0,1,15
1075,guanyu-zhou,16.0,14.0,14.0,0,1,16
1075,mick-schumacher,17.0,15.0,15.0,0,1,17
1075,pierre-gasly,18.0,17.0,,1,1,18
1075,carlos-sainz-jr,,3.0,3.0,0,0,DNF
1075,alexander-albon,,16.0,16.0,0,0,DNF
1076,max-verstappen,1.0,3.0,2.0,0,1,1
1076,lewis-hamilton,2.0,5.0,3.0,0,1,2
1076,charles-leclerc,3.0,2.0,12.0,0,1,3
1076,sergio-perez,4.0,4.0,9.0,0,1,4
1076,george-russell,5.0,6.0,4.0,0,1,5
1076,lando-norris,6.0,8.0,6.0,0,1,6
1076,fernando-alonso,7.0,9.0,14.0,0,1,7
1076,sebastian-vettel,8.0,12.0,10.0,0,1,8
1076,kevin-magnussen,9.0,16.0,13.0,0,1,9
1076,yuki-tsunoda,10.0,15.0,19.0,0,1,10
1076,esteban-ocon,11.0,18.0,,1,1,11
1076,guanyu-zhou,12.0,14.0,18.0,0,1,12
1076,alexander-albon,13.0,11.0,8.0,0,1,13
1076,pierre-gasly,14.0,13.0,11.0,0,1,14
1076,mick-schumacher,15.0,19.0,16.0,0,1,15
1076,daniel-ricciardo,16.0,17.0,15.0,0,1,16
1076,nicholas-latifi,17.0,20.0,17.0,0,1,17
1076,lance-stroll,,7.0,5.0,0,0,DNF
1076,valtteri-bottas,,10.0,7.0,0,0,DNF
1076,carlos-sainz-jr,,1.0,1.0,0,0,DNF
1077,max-verstappen,1.0,1.0,1.0,0,1,1
1077,lewis-hamilton,2.0,3.0,3.0,0,1,2
1077,sergio-perez,3.0,4.0,4.0,0,1,3
1077,george-russell,4.0,2.0,2.0,0,1,4
1077,carlos-sainz-jr,5.0,5.0,5.0,0,1,5
1077,charles-leclerc,6.0,7.0,7.0,0,1,6
1077,daniel-ricciardo,7.0,11.0,11.0,0,1,7
1077,esteban-ocon,8.0,10.0,10.0,0,1,8
1077,lando-norris,9.0,8.0,8.0,0,1,9
1077,valtteri-bottas,10.0,6.0,6.0,0,1,10
1077,pierre-gasly,11.0,14.0,14.0,0,1,11
1077,alexander-albon,12.0,19.0,17.0,0,1,12
1077,guanyu-zhou,13.0,12.0,12.0,0,1,13
1077,sebastian-vettel,14.0,17.0,16.0,0,1,14
1077,lance-stroll,15.0,18.0,20.0,0,1,15
1077,mick-schumacher,16.0,16.0,15.0,0,1,16
1077,kevin-magnussen,17.0,15.0,19.0,0,1,17
1077,nicholas-latifi,18.0,20.0,18.0,0,1,18
1077,fernando-alonso,19.0,9.0,9.0,0,1,19
1077,yuki-tsunoda,,13.0,13.0,0,0,DNF
1078,george-russell,1.0,3.0,1.0,0,1,1
1078,lewis-hamilton,2.0,8.0,2.0,0,1,2
1078,carlos-sainz-jr,3.0,5.0,7.0,0,1,3
1078,charles-leclerc,4.0,10.0,5.0,0,1,4
1078,fernando-alonso,5.0,7.0,17.0,0,1,5
1078,max-verstappen,6.0,2.0,3.0,0,1,6
1078,sergio-perez,7.0,9.0,4.0,0,1,7
1078,esteban-ocon,8.0,6.0,16.0,0,1,8
1078,valtteri-bottas,9.0,18.0,14.0,0,1,9
1078,lance-stroll,10.0,15.0,15.0,0,1,10
1078,sebastian-vettel,11.0,13.0,9.0,0,1,11
1078,guanyu-zhou,12.0,17.0,13.0,0,1,12
1078,mick-schumacher,13.0,20.0,12.0,0,1,13
1078,pierre-gasly,14.0,12.0,10.0,0,1,14
1078,alexander-albon,15.0,11.0,19.0,0,1,15
1078,nicholas-latifi,16.0,16.0,18.0,0,1,16
1078,yuki-tsunoda,17.0,19.0,,1,1,17
1078,lando-norris,,4.0,6.0,0,0,DNF
1078,kevin-magnussen,,1.0,8.0,0,0,DNF
1078,daniel-ricciardo,,14.0,11.0,0,0,DNF
1079,max-verstappen,1.0,1.0,1.0,0,1,1
1079,charles-leclerc,2.0,3.0,3.0,0,1,2
1079,sergio-perez,3.0,2.0,2.0,0,1,3
1079,carlos-sainz-jr,4.0,4.0,4.0,0,1,4
1079,george-russell,5.0,6.0,6.0,0,1,5
1079,lando-norris,6.0,7.0,7.0,0,1,6
1079,esteban-ocon,7.0,8.0,8.0,0,1,7
1079,lance-stroll,8.0,14.0,14.0,0,1,8
1079,daniel-ricciardo,9.0,10.0,13.0,0,1,9
1079,sebastian-vettel,10.0,9.0,9.0,0,1,10
1079,yuki-tsunoda,11.0,12.0,11.0,0,1,11
1079,guanyu-zhou,12.0,15.0,15.0,0,1,12
1079,alexander-albon,13.0,19.0,19.0,0,1,13
1079,pierre-gasly,14.0,17.0,17.0,0,1,14
1079,valtteri-bottas,15.0,18.0,18.0,0,1,15
1079,mick-schumacher,16.0,13.0,12.0,0,1,16
1079,kevin-magnussen,17.0,16.0,16.0,0,1,17
1079,lewis-hamilton,18.0,5.0,5.0,0,1,18
1079,nicholas-latifi,19.0,20.0,20.0,0,1,19
1079,fernando-alonso,,11.0,10.0,0,0,DNF
1080,max-verstappen,1.0,1.0,1.0,0,1,1
1080,sergio-perez,2.0,2.0,2.0,0,1,2
1080,fernando-alonso,3.0,5.0,5.0,0,1,3
1080,carlos-sainz-jr,4.0,4.0,4.0,0,1,4
1080,lewis-hamilton,5.0,7.0,7.0,0,1,5
1080,lance-stroll,6.0,8.0,8.0,0,1,6
1080,george-russell,7.0,6.0,6.0,0,1,7
1080,valtteri-bottas,8.0,12.0,12.0,0,1,8
1080,pierre-gasly,9.0,20.0,20.0,0,1,9
1080,alexander-albon,10.0,15.0,15.0,0,1,10
1080,yuki-tsunoda,11.0,14.0,14.0,0,1,11
1080,logan-sargeant,12.0,16.0,16.0,0,1,12
1080,kevin-magnussen,13.0,17.0,17.0,0,1,13
1080,nyck-de-vries,14.0,19.0,19.0,0,1,14
1080,nico-hulkenberg,15.0,10.0,10.0,0,1,15
1080,guanyu-zhou,16.0,13.0,13.0,0,1,16
1080,lando-norris,17.0,11.0,11.0,0,1,17
1080,esteban-ocon,,9.0,9.0,0,0,DNF
1080,charles-leclerc,,3.0,3.0,0,0,DNF
1080,oscar-piastri,,18.0,18.0,0,0,DNF
1081,sergio-perez,1.0,1.0,1.0,0,1,1
1081,max-verstappen,2.0,15.0,15.0,0,1,2
1081,fernando-alonso,3.0,3.0,2.0,0,1,3
1081,george-russell,4.0,4.0,3.0,0,1,4
1081,lewis-hamilton,5.0,8.0,7.0,0,1,5
1081,carlos-sainz-jr,6.0,5.0,4.0,0,1,6
1081,charles-leclerc,7.0,2.0,12.0,0,1,7
1081,esteban-ocon,8.0,7.0,6.0,0,1,8
1081,pierre-gasly,9.0,10.0,9.0,0,1,9
1081,kevin-magnussen,10.0,13.0,13.0,0,1,10
1081,yuki-tsunoda,11.0,16.0,16.0,0,1,11
1081,nico-hulkenberg,12.0,11.0,10.0,0,1,12
1081,guanyu-zhou,13.0,12.0,11.0,0,1,13
1081,nyck-de-vries,14.0,18.0,18.0,0,1,14
1081,oscar-piastri,15.0,9.0,8.0,0,1,15
1081,logan-sargeant,16.0,,20.0,0,1,16
1081,lando-norris,17.0,19.0,19.0,0,1,17
1081,valtteri-bottas,18.0,14.0,14.0,0,1,18
1081,alexander-albon,,17.0,17.0,0,0,DNF
1081,lance-stroll,,6.0,5.0,0,0,DNF
1082,max-verstappen,1.0,1.0,1.0,0,1,1
1082,lewis-hamilton,2.0,3.0,3.0,0,1,2
1082,fernando-alonso,3.0,4.0,4.0,0,1,3
1082,lance-stroll,4.0,6.0,6.0,0,1,4
1082,sergio-perez,5.0,,,1,1,5
1082,lando-norris,6.0,13.0,13.0,0,1,6
1082,nico-hulkenberg,7.0,10.0,10.0,0,1,7
1082,oscar-piastri,8.0,16.0,16.0,0,1,8
1082,guanyu-zhou,9.0,17.0,17.0,0,1,9
1082,yuki-tsunoda,10.0,12.0,12.0,0,1,10
1082,valtteri-bottas,11.0,19.0,,1,1,11
1082,carlos-sainz-jr,12.0,5.0,5.0,0,1,12
1082,pierre-gasly,13.0,9.0,9.0,0,1,13
1082,esteban-ocon,14.0,11.0,11.0,0,1,14
1082,nyck-de-vries,15.0,15.0,15.0,0,1,15
1082,logan-sargeant,16.0,18.0,18.0,0,1,16
1082,kevin-magnussen,17.0,14.0,14.0,0,1,17
1082,george-russell,,2.0,2.0,0,0,DNF
1082,alexander-albon,,8.0,8.0,0,0,DNF
1082,charles-leclerc,,7.0,7.0,0,0,DNF
1083,sergio-perez,1.0,3.0,3.0,0,1,1
1083,max-verstappen,2.0,2.0,2.0,0,1,2
1083,charles-leclerc,3.0,1.0,1.0,0,1,3
1083,fernando-alonso,4.0,6.0,6.0,0,1,4
1083,carlos-sainz-jr,5.0,4.0,4.0,0,1,5
1083,lewis-hamilton,6.0,5.0,5.0,0,1,6
1083,lance-stroll,7.0,9.0,9.0,0,1,7
1083,george-russell,8.0,11.0,11.0,0,1,8
1083,lando-norris,9.0,7.0,7.0,0,1,9
1083,yuki-tsunoda,10.0,8.0,8.0,0,1,10
1083,oscar-piastri,11.0,10.0,10.0,0,1,11
1083,alexander-albon,12.0,13.0,12.0,0,1,12
1083,kevin-magnussen,13.0,18.0,16.0,0,1,13
1083,pierre-gasly,14.0,19.0,17.0,0,1,14
1083,esteban-ocon,15.0,12.0,,1,1,15
1083,logan-sargeant,16.0,15.0,14.0,0,1,16
1083,nico-hulkenberg,17.0,17.0,,1,1,17
1083,valtteri-bottas,18.0,14.0,13.0,0,1,18
1083,guanyu-zhou,,16.0,15.0,0,0,DNF
1083,nyck-de-vries,,,18.0,0,0,DNF
1084,max-verstappen,1.0,9.0,9.0,0,1,1
1084,sergio-perez,2.0,1.0,1.0,0,1,2
1084,fernando-alonso,3.0,2.0,2.0,0,1,3
1084,george-russell,4.0,6.0,6.0,0,1,4
1084,carlos-sainz-jr,5.0,3.0,3.0,0,1,5
1084,lewis-hamilton,6.0,13.0,13.0,0,1,6
1084,charles-leclerc,7.0,7.0,7.0,0,1,7
1084,pierre-gasly,8.0,5.0,5.0,0,1,8
1084,esteban-ocon,9.0,8.0,8.0,0,1,9
1084,kevin-magnussen,10.0,4.0,4.0,0,1,10
1084,yuki-tsunoda,11.0,17.0,17.0,0,1,11
1084,lance-stroll,12.0,18.0,18.0,0,1,12
1084,valtteri-bottas,13.0,10.0,10.0,0,1,13
1084,alexander-albon,14.0,11.0,11.0,0,1,14
1084,nico-hulkenberg,15.0,12.0,12.0,0,1,15
1084,guanyu-zhou,16.0,14.0,14.0,0,1,16
1084,lando-norris,17.0,16.0,16.0,0,1,17
1084,nyck-de-vries,18.0,15.0,15.0,0,1,18
1084,oscar-piastri,19.0,19.0,19.0,0,1,19
1084,logan-sargeant,20.0,20.0,20.0,0,1,20
1085,max-verstappen,1.0,1.0,1.0,0,1,1
1085,fernando-alonso,2.0,2.0,2.0,0,1,2
1085,esteban-ocon,3.0,4.0,3.0,0,1,3
1085,lewis-hamilton,4.0,6.0,5.0,0,1,4
1085,george-russell,5.0,8.0,8.0,0,1,5
1085,charles-leclerc,6.0,3.0,6.0,0,1,6
1085,pierre-gasly,7.0,7.0,7.0,0,1,7
1085,carlos-sainz-jr,8.0,5.0,4.0,0,1,8
1085,lando-norris,9.0,10.0,10.0,0,1,9
1085,oscar-piastri,10.0,11.0,11.0,0,1,10
1085,valtteri-bottas,11.0,15.0,15.0,0,1,11
1085,nyck-de-vries,12.0,12.0,12.0,0,1,12
1085,guanyu-zhou,13.0,19.0,19.0,0,1,13
1085,alexander-albon,14.0,13.0,13.0,0,1,14
1085,yuki-tsunoda,15.0,9.0,9.0,0,1,15
1085,sergio-perez,16.0,20.0,20.0,0,1,16
1085,nico-hulkenberg,17.0,18.0,18.0,0,1,17
1085,logan-sargeant,18.0,16.0,16.0,0,1,18
1085,kevin-magnussen,19.0,17.0,17.0,0,1,19
1085,lance-stroll,,14.0,14.0,0,0,DNF
1086,max-verstappen,1.0,1.0,1.0,0,1,1
1086,lewis-hamilton,2.0,5.0,4.0,0,1,2
1086,george-russell,3.0,12.0,12.0,0,1,3
1086,sergio-perez,4.0,11.0,11.0,0,1,4
1086,carlos-sainz-jr,5.0,2.0,2.0,0,1,5
1086,lance-stroll,6.0,6.0,5.0,0,1,6
1086,fernando-alonso,7.0,9.0,8.0,0,1,7
1086,esteban-ocon,8.0,7.0,6.0,0,1,8
1086,guanyu-zhou,9.0,13.0,13.0,0,1,9
1086,pierre-gasly,10.0,4.0,10.0,0,1,10
1086,charles-leclerc,11.0,19.0,,1,1,11
1086,yuki-tsunoda,12.0,15.0,15.0,0,1,12
1086,oscar-piastri,13.0,10.0,9.0,0,1,13
1086,nyck-de-vries,14.0,14.0,14.0,0,1,14
1086,nico-hulkenberg,15.0,8.0,7.0,0,1,15
1086,alexander-albon,16.0,18.0,18.0,0,1,16
1086,lando-norris,17.0,3.0,3.0,0,1,17
1086,kevin-magnussen,18.0,17.0,17.0,0,1,18
1086,valtteri-bottas,19.0,16.0,16.0,0,1,19
1086,logan-sargeant,20.0,20.0,,1,1,20
1087,max-verstappen,1.0,1.0,1.0,0,1,1
1087,fernando-alonso,2.0,3.0,2.0,0,1,2
1087,lewis-hamilton,3.0,4.0,3.0,0,1,3
1087,charles-leclerc,4.0,11.0,10.0,0,1,4
1087,carlos-sainz-jr,5.0,8.0,11.0,0,1,5
1087,sergio-perez,6.0,12.0,12.0,0,1,6
1087,alexander-albon,7.0,10.0,9.0,0,1,7
1087,esteban-ocon,8.0,6.0,6.0,0,1,8
1087,lance-stroll,9.0,13.0,16.0,0,1,9
1087,valtteri-bottas,10.0,15.0,14.0,0,1,10
1087,oscar-piastri,11.0,9.0,8.0,0,1,11
1087,pierre-gasly,12.0,17.0,15.0,0,1,12
1087,lando-norris,13.0,7.0,7.0,0,1,13
1087,yuki-tsunoda,14.0,16.0,19.0,0,1,14
1087,nico-hulkenberg,15.0,2.0,5.0,0,1,15
1087,guanyu-zhou,16.0,20.0,20.0,0,1,16
1087,kevin-magnussen,17.0,14.0,13.0,0,1,17
1087,nyck-de-vries,18.0,18.0,17.0,0,1,18
1087,george-russell,,5.0,4.0,0,0,DNF
1087,logan-sargeant,,19.0,18.0,0,0,DNF
1088,max-verstappen,1.0,1.0,1.0,0,1,1
1088,charles-leclerc,2.0,2.0,2.0,0,1,2
1088,sergio-perez,3.0,15.0,15.0,0,1,3
1088,lando-norris,4.0,4.0,4.0,0,1,4
1088,fernando-alonso,5.0,7.0,7.0,0,1,5
1088,carlos-sainz-jr,6.0,3.0,3.0,0,1,6
1088,george-russell,7.0,11.0,11.0,0,1,7
1088,lewis-hamilton,8.0,5.0,5.0,0,1,8
1088,lance-stroll,9.0,6.0,6.0,0,1,9
1088,pierre-gasly,10.0,9.0,9.0,0,1,10
1088,alexander-albon,11.0,10.0,10.0,0,1,11
1088,guanyu-zhou,12.0,17.0,17.0,0,1,12
1088,logan-sargeant,13.0,18.0,18.0,0,1,13
1088,esteban-ocon,14.0,12.0,12.0,0,1,14
1088,valtteri-bottas,15.0,14.0,14.0,0,1,15
1088,oscar-piastri,16.0,13.0,13.0,0,1,16
1088,nyck-de-vries,17.0,20.0,,1,1,17
1088,kevin-magnussen,18.0,19.0,,1,1,18
1088,yuki-tsunoda,19.0,16.0,16.0,0,1,19
1088,nico-hulkenberg,,8.0,8.0,0,0,DNF
1089,max-verstappen,1.0,1.0,1.0,0,1,1
1089,lando-norris,2.0,2.0,2.0,0,1,2
1089,lewis-hamilton,3.0,7.0,7.0,0,1,3
1089,oscar-piastri,4.0,3.0,3.0,0,1,4
1089,george-russell,5.0,6.0,6.0,0,1,5
1089,sergio-perez,6.0,15.0,15.0,0,1,6
1089,fernando-alonso,7.0,9.0,9.0,0,1,7
1089,alexander-albon,8.0,8.0,8.0,0,1,8
1089,charles-leclerc,9.0,4.0,4.0,0,1,9
1089,carlos-sainz-jr,10.0,5.0,5.0,0,1,10
1089,logan-sargeant,11.0,14.0,14.0,0,1,11
1089,valtteri-bottas,12.0,,20.0,0,1,12
1089,nico-hulkenberg,13.0,11.0,11.0,0,1,13
1089,lance-stroll,14.0,12.0,12.0,0,1,14
1089,guanyu-zhou,15.0,17.0,17.0,0,1,15
1089,yuki-tsunoda,16.0,16.0,16.0,0,1,16
1089,nyck-de-vries,17.0,18.0,18.0,0,1,17
1089,pierre-gasly,18.0,10.0,10.0,0,1,18
1089,kevin-magnussen,,19.0,19.0,0,0,DNF
1089,esteban-ocon,,13.0,13.0,0,0,DNF
1090,max-verstappen,1.0,2.0,2.0,0,1,1
1090,lando-norris,2.0,3.0,3.0,0,1,2
1090,sergio-perez,3.0,9.0,9.0,0,1,3
1090,lewis-hamilton,4.0,1.0,1.0,0,1,4
1090,oscar-piastri,5.0,4.0,4.0,0,1,5
1090,george-russell,6.0,18.0,18.0,0,1,6
1090,charles-leclerc,7.0,6.0,6.0,0,1,7
1090,carlos-sainz-jr,8.0,11.0,11.0,0,1,8
1090,fernando-alonso,9.0,8.0,8.0,0,1,9
1090,lance-stroll,10.0,14.0,14.0,0,1,10
1090,alexander-albon,11.0,16.0,16.0,0,1,11
1090,valtteri-bottas,12.0,7.0,7.0,0,1,12
1090,daniel-ricciardo,13.0,13.0,13.0,0,1,13
1090,nico-hulkenberg,14.0,10.0,10.0,0,1,14
1090,yuki-tsunoda,15.0,17.0,17.0,0,1,15
1090,guanyu-zhou,16.0,5.0,5.0,0,1,16
1090,kevin-magnussen,17.0,19.0,19.0,0,1,17
1090,logan-sargeant,18.0,20.0,20.0,0,1,18
1090,esteban-ocon,,12.0,12.0,0,0,DNF
1090,pierre-gasly,,15.0,15.0,0,0,DNF
1091,max-verstappen,1.0,1.0,6.0,0,1,1
1091,sergio-perez,2.0,3.0,2.0,0,1,2
1091,charles-leclerc,3.0,2.0,1.0,0,1,3
1091,lewis-hamilton,4.0,4.0,3.0,0,1,4
1091,fernando-alonso,5.0,9.0,9.0,0,1,5
1091,george-russell,6.0,8.0,8.0,0,1,6
1091,lando-norris,7.0,7.0,7.0,0,1,7
1091,esteban-ocon,8.0,15.0,14.0,0,1,8
1091,lance-stroll,9.0,10.0,10.0,0,1,9
1091,yuki-tsunoda,10.0,11.0,11.0,0,1,10
1091,pierre-gasly,11.0,12.0,12.0,0,1,11
1091,valtteri-bottas,12.0,14.0,13.0,0,1,12
1091,guanyu-zhou,13.0,17.0,17.0,0,1,13
1091,alexander-albon,14.0,16.0,15.0,0,1,14
1091,kevin-magnussen,15.0,13.0,16.0,0,1,15
1091,daniel-ricciardo,16.0,19.0,19.0,0,1,16
1091,logan-sargeant,17.0,18.0,18.0,0,1,17
1091,nico-hulkenberg,18.0,20.0,,1,1,18
1091,carlos-sainz-jr,,5.0,4.0,0,0,DNF
1091,oscar-piastri,,6.0,5.0,0,0,DNF
1092,max-verstappen,1.0,1.0,1.0,0,1,1
1092,fernando-alonso,2.0,5.0,5.0,0,1,2
1092,pierre-gasly,3.0,12.0,12.0,0,1,3
1092,sergio-perez,4.0,7.0,7.0,0,1,4
1092,carlos-sainz-jr,5.0,6.0,6.0,0,1,5
1092,lewis-hamilton,6.0,13.0,13.0,0,1,6
1092,lando-norris,7.0,2.0,2.0,0,1,7
1092,alexander-albon,8.0,4.0,4.0,0,1,8
1092,oscar-piastri,9.0,8.0,8.0,0,1,9
1092,esteban-ocon,10.0,17.0,16.0,0,1,10
1092,lance-stroll,11.0,11.0,11.0,0,1,11
1092,nico-hulkenberg,12.0,15.0,14.0,0,1,12
1092,liam-lawson,13.0,20.0,19.0,0,1,13
1092,valtteri-bottas,14.0,19.0,18.0,0,1,14
1092,yuki-tsunoda,15.0,14.0,17.0,0,1,15
1092,kevin-magnussen,16.0,18.0,,1,1,16
1092,george-russell,17.0,3.0,3.0,0,1,17
1092,guanyu-zhou,,16.0,15.0,0,0,DNF
1092,charles-leclerc,,9.0,9.0,0,0,DNF
1092,logan-sargeant,,10.0,10.0,0,0,DNF
1093,max-verstappen,1.0,2.0,2.0,0,1,1
1093,sergio-perez,2.0,5.0,5.0,0,1,2
1093,carlos-sainz-jr,3.0,1.0,1.0,0,1,3
1093,charles-leclerc,4.0,3.0,3.0,0,1,4
1093,george-russell,5.0,4.0,4.0,0,1,5
1093,lewis-hamilton,6.0,8.0,8.0,0,1,6
1093,alexander-albon,7.0,6.0,6.0,0,1,7
1093,lando-norris,8.0,9.0,9.0,0,1,8
1093,fernando-alonso,9.0,10.0,10.0,0,1,9
1093,valtteri-bottas,10.0,14.0,14.0,0,1,10
1093,liam-lawson,11.0,12.0,12.0,0,1,11
1093,oscar-piastri,12.0,7.0,7.0,0,1,12
1093,logan-sargeant,13.0,15.0,15.0,0,1,13
1093,guanyu-zhou,14.0,16.0,16.0,0,1,14
1093,pierre-gasly,15.0,17.0,17.0,0,1,15
1093,lance-stroll,16.0,20.0,20.0,0,1,16
1093,nico-hulkenberg,17.0,13.0,13.0,0,1,17
1093,kevin-magnussen,18.0,19.0,19.0,0,1,18
1093,esteban-ocon,,18.0,18.0,0,0,DNF
1093,yuki-tsunoda,,11.0,11.0,0,0,DNS
1094,carlos-sainz-jr,1.0,1.0,1.0,0,1,1
1094,lando-norris,2.0,4.0,4.0,0,1,2
1094,lewis-hamilton,3.0,5.0,5.0,0,1,3
1094,charles-leclerc,4.0,3.0,3.0,0,1,4
1094,max-verstappen,5.0,11.0,11.0,0,1,5
1094,pierre-gasly,6.0,12.0,12.0,0,1,6
1094,oscar-piastri,7.0,17.0,17.0,0,1,7
1094,sergio-perez,8.0,13.0,13.0,0,1,8
1094,liam-lawson,9.0,10.0,10.0,0,1,9
1094,kevin-magnussen,10.0,6.0,6.0,0,1,10
1094,alexander-albon,11.0,14.0,14.0,0,1,11
1094,guanyu-zhou,12.0,19.0,,1,1,12
1094,nico-hulkenberg,13.0,9.0,9.0,0,1,13
1094,logan-sargeant,14.0,18.0,18.0,0,1,14
1094,fernando-alonso,15.0,7.0,7.0,0,1,15
1094,george-russell,16.0,2.0,2.0,0,1,16
1094,valtteri-bottas,,16.0,16.0,0,0,DNF
1094,esteban-ocon,,8.0,8.0,0,0,DNF
1094,yuki-tsunoda,,15.0,15.0,0,0,DNF
1094,lance-stroll,,20.0,,0,0,DNS
1095,max-verstappen,1.0,1.0,1.0,0,1,1
1095,lando-norris,2.0,3.0,3.0,0,1,2
1095,oscar-piastri,3.0,2.0,2.0,0,1,3
1095,charles-leclerc,4.0,4.0,4.0,0,1,4
1095,lewis-hamilton,5.0,7.0,7.0,0,1,5
1095,carlos-sainz-jr,6.0,6.0,6.0,0,1,6
1095,george-russell,7.0,8.0,8.0,0,1,7
1095,fernando-alonso,8.0,10.0,10.0,0,1,8
1095,esteban-ocon,9.0,14.0,14.0,0,1,9
1095,pierre-gasly,10.0,12.0,12.0,0,1,10
1095,liam-lawson,11.0,11.0,11.0,0,1,11
1095,yuki-tsunoda,12.0,9.0,9.0,0,1,12
1095,guanyu-zhou,13.0,19.0,19.0,0,1,13
1095,nico-hulkenberg,14.0,18.0,18.0,0,1,14
1095,kevin-magnussen,15.0,15.0,15.0,0,1,15
1095,alexander-albon,,13.0,13.0,0,0,DNF
1095,logan-sargeant,,,,1,0,DNF
1095,lance-stroll,,17.0,17.0,0,0,DNF
1095,sergio-perez,,5.0,5.0,0,0,DNF
1095,valtteri-bottas,,16.0,16.0,0,0,DNF
1096,max-verstappen,1.0,1.0,1.0,0,1,1
1096,oscar-piastri,2.0,6.0,6.0,0,1,2
1096,lando-norris,3.0,10.0,10.0,0,1,3
1096,george-russell,4.0,2.0,2.0,0,1,4
1096,charles-leclerc,5.0,5.0,5.0,0,1,5
1096,fernando-alonso,6.0,4.0,4.0,0,1,6
1096,esteban-ocon,7.0,8.0,8.0,0,1,7
1096,valtteri-bottas,8.0,9.0,9.0,0,1,8
1096,guanyu-zhou,9.0,20.0,19.0,0,1,9
1096,sergio-perez,10.0,13.0,,1,1,10
1096,lance-stroll,11.0,17.0,16.0,0,1,11
1096,pierre-gasly,12.0,7.0,7.0,0,1,12
1096,alexander-albon,13.0,14.0,13.0,0,1,13
1096,kevin-magnussen,14.0,19.0,18.0,0,1,14
1096,yuki-tsunoda,15.0,11.0,11.0,0,1,15
1096,nico-hulkenberg,16.0,15.0,14.0,0,1,16
1096,liam-lawson,17.0,18.0,17.0,0,1,17
1096,logan-sargeant,,16.0,15.0,0,0,DNF
1096,lewis-hamilton,,3.0,3.0,0,0,DNF
1096,carlos-sainz-jr,,12.0,12.0,0,0,DNS
1097,max-verstappen,1.0,6.0,6.0,0,1,1
1097,lando-norris,2.0,2.0,2.0,0,1,2
1097,carlos-sainz-jr,3.0,4.0,4.0,0,1,3
1097,sergio-perez,4.0,9.0,9.0,0,1,4
1097,george-russell,5.0,5.0,5.0,0,1,5
1097,pierre-gasly,6.0,7.0,7.0,0,1,6
1097,lance-stroll,7.0,19.0,,1,1,7
1097,yuki-tsunoda,8.0,11.0,11.0,0,1,8
1097,alexander-albon,9.0,18.0,15.0,0,1,9
1097,logan-sargeant,10.0,20.0,16.0,0,1,10
1097,nico-hulkenberg,11.0,16.0,,1,1,11
1097,valtteri-bottas,12.0,13.0,13.0,0,1,12
1097,guanyu-zhou,13.0,12.0,12.0,0,1,13
1097,kevin-magnussen,14.0,14.0,,1,1,14
1097,daniel-ricciardo,15.0,15.0,14.0,0,1,15
1097,fernando-alonso,,17.0,,1,0,DNF
1097,oscar-piastri,,10.0,10.0,0,0,DNF
1097,esteban-ocon,,8.0,8.0,0,0,DNF
1097,lewis-hamilton,,3.0,3.0,0,0,DSQ
1097,charles-leclerc,,1.0,1.0,0,0,DSQ
1098,max-verstappen,1.0,3.0,3.0,0,1,1
1098,lewis-hamilton,2.0,6.0,6.0,0,1,2
1098,charles-leclerc,3.0,1.0,1.0,0,1,3
1098,carlos-sainz-jr,4.0,2.0,2.0,0,1,4
1098,lando-norris,5.0,19.0,17.0,0,1,5
1098,george-russell,6.0,8.0,8.0,0,1,6
1098,daniel-ricciardo,7.0,4.0,4.0,0,1,7
1098,oscar-piastri,8.0,7.0,7.0,0,1,8
1098,alexander-albon,9.0,14.0,14.0,0,1,9
1098,esteban-ocon,10.0,16.0,15.0,0,1,10
1098,pierre-gasly,11.0,11.0,11.0,0,1,11
1098,yuki-tsunoda,12.0,15.0,18.0,0,1,12
1098,nico-hulkenberg,13.0,12.0,12.0,0,1,13
1098,guanyu-zhou,14.0,10.0,10.0,0,1,14
1098,valtteri-bottas,15.0,9.0,9.0,0,1,15
1098,logan-sargeant,16.0,,19.0,0,1,16
1098,lance-stroll,17.0,18.0,,1,1,17
1098,fernando-alonso,,13.0,13.0,0,0,DNF
1098,kevin-magnussen,,17.0,16.0,0,0,DNF
1098,sergio-perez,,5.0,5.0,0,0,DNF
1099,max-verstappen,1.0,1.0,1.0,0,1,1
1099,lando-norris,2.0,7.0,6.0,0,1,2
1099,fernando-alonso,3.0,4.0,4.0,0,1,3
1099,sergio-perez,4.0,9.0,9.0,0,1,4
1099,lance-stroll,5.0,3.0,3.0,0,1,5
1099,carlos-sainz-jr,6.0,8.0,7.0,0,1,6
1099,pierre-gasly,7.0,13.0,15.0,0,1,7
1099,lewis-hamilton,8.0,5.0,5.0,0,1,8
1099,yuki-tsunoda,9.0,16.0,16.0,0,1,9
1099,esteban-ocon,10.0,12.0,14.0,0,1,10
1099,logan-sargeant,11.0,19.0,19.0,0,1,11
1099,nico-hulkenberg,12.0,11.0,11.0,0,1,12
1099,daniel-ricciardo,13.0,17.0,17.0,0,1,13
1099,oscar-piastri,14.0,10.0,10.0,0,1,14
1099,george-russell,,6.0,8.0,0,0,DNF
1099,valtteri-bottas,,18.0,18.0,0,0,DNF
1099,guanyu-zhou,,20.0,20.0,0,0,DNF
1099,kevin-magnussen,,14.0,12.0,0,0,DNF
1099,alexander-albon,,15.0,13.0,0,0,DNF
1099,charles-leclerc,,2.0,2.0,0,0,DNS
1100,max-verstappen,1.0,3.0,2.0,0,1,1
1100,charles-leclerc,2.0,1.0,1.0,0,1,2
1100,sergio-perez,3.0,12.0,11.0,0,1,3
1100,esteban-ocon,4.0,17.0,16.0,0,1,4
1100,lance-stroll,5.0,14.0,19.0,0,1,5
1100,carlos-sainz-jr,6.0,2.0,12.0,0,1,6
1100,lewis-hamilton,7.0,11.0,10.0,0,1,7
1100,george-russell,8.0,4.0,3.0,0,1,8
1100,fernando-alonso,9.0,10.0,9.0,0,1,9
1100,oscar-piastri,10.0,19.0,18.0,0,1,10
1100,pierre-gasly,11.0,5.0,4.0,0,1,11
1100,alexander-albon,12.0,6.0,5.0,0,1,12
1100,kevin-magnussen,13.0,9.0,8.0,0,1,13
1100,daniel-ricciardo,14.0,15.0,14.0,0,1,14
1100,guanyu-zhou,15.0,18.0,17.0,0,1,15
1100,logan-sargeant,16.0,7.0,6.0,0,1,16
1100,valtteri-bottas,17.0,8.0,7.0,0,1,17
1100,yuki-tsunoda,18.0,20.0,20.0,0,1,18
1100,nico-hulkenberg,19.0,13.0,13.0,0,1,19
1100,lando-norris,,16.0,15.0,0,0,DNF
1101,max-verstappen,1.0,1.0,1.0,0,1,1
1101,charles-leclerc,2.0,2.0,2.0,0,1,2
1101,george-russell,3.0,4.0,4.0,0,1,3
1101,sergio-perez,4.0,9.0,9.0,0,1,4
1101,lando-norris,5.0,5.0,5.0,0,1,5
1101,oscar-piastri,6.0,3.0,3.0,0,1,6
1101,fernando-alonso,7.0,7.0,7.0,0,1,7
1101,yuki-tsunoda,8.0,6.0,6.0,0,1,8
1101,lewis-hamilton,9.0,11.0,11.0,0,1,9
1101,lance-stroll,10.0,13.0,13.0,0,1,10
1101,daniel-ricciardo,11.0,15.0,15.0,0,1,11
1101,esteban-ocon,12.0,12.0,12.0,0,1,12
1101,pierre-gasly,13.0,10.0,10.0,0,1,13
1101,alexander-albon,14.0,14.0,14.0,0,1,14
1101,nico-hulkenberg,15.0,8.0,8.0,0,1,15
1101,logan-sargeant,16.0,,20.0,0,1,16
1101,guanyu-zhou,17.0,19.0,19.0,0,1,17
1101,carlos-sainz-jr,18.0,16.0,16.0,0,1,18
1101,valtteri-bottas,19.0,18.0,18.0,0,1,19
1101,kevin-magnussen,20.0,17.0,17.0,0,1,20
1102,max-verstappen,1.0,1.0,1.0,0,1,1
1102,sergio-perez,2.0,5.0,5.0,0,1,2
1102,carlos-sainz-jr,3.0,4.0,4.0,0,1,3
1102,charles-leclerc,4.0,2.0,2.0,0,1,4
1102,george-russell,5.0,3.0,3.0,0,1,5
1102,lando-norris,6.0,7.0,7.0,0,1,6
1102,lewis-hamilton,7.0,9.0,9.0,0,1,7
1102,oscar-piastri,8.0,8.0,8.0,0,1,8
1102,fernando-alonso,9.0,6.0,6.0,0,1,9
1102,lance-stroll,10.0,12.0,12.0,0,1,10
1102,guanyu-zhou,11.0,17.0,17.0,0,1,11
1102,kevin-magnussen,12.0,15.0,15.0,0,1,12
1102,daniel-ricciardo,13.0,14.0,14.0,0,1,13
1102,yuki-tsunoda,14.0,11.0,11.0,0,1,14
1102,alexander-albon,15.0,13.0,13.0,0,1,15
1102,nico-hulkenberg,16.0,10.0,10.0,0,1,16
1102,esteban-ocon,17.0,19.0,19.0,0,1,17
1102,pierre-gasly,18.0,20.0,20.0,0,1,18
1102,valtteri-bottas,19.0,16.0,16.0,0,1,19
1102,logan-sargeant,20.0,18.0,18.0,0,1,20
1103,max-verstappen,1.0,1.0,1.0,0,1,1
1103,sergio-perez,2.0,3.0,3.0,0,1,2
1103,charles-leclerc,3.0,2.0,2.0,0,1,3
1103,oscar-piastri,4.0,5.0,5.0,0,1,4
1103,fernando-alonso,5.0,4.0,4.0,0,1,5
1103,george-russell,6.0,7.0,7.0,0,1,6
1103,oliver-bearman,7.0,11.0,11.0,0,1,7
1103,lando-norris,8.0,6.0,6.0,0,1,8
1103,lewis-hamilton,9.0,8.0,8.0,0,1,9
1103,nico-hulkenberg,10.0,15.0,15.0,0,1,10
1103,alexander-albon,11.0,12.0,12.0,0,1,11
1103,kevin-magnussen,12.0,13.0,13.0,0,1,12
1103,esteban-ocon,13.0,17.0,17.0,0,1,13
1103,logan-sargeant,14.0,19.0,19.0,0,1,14
1103,yuki-tsunoda,15.0,9.0,9.0,0,1,15
1103,daniel-ricciardo,16.0,14.0,14.0,0,1,16
1103,valtteri-bottas,17.0,16.0,16.0,0,1,17
1103,guanyu-zhou,18.0,,20.0,0,1,18
1103,lance-stroll,,10.0,10.0,0,0,DNF
1103,pierre-gasly,,18.0,18.0,0,0,DNF
1104,carlos-sainz-jr,1.0,2.0,2.0,0,1,1
1104,charles-leclerc,2.0,5.0,4.0,0,1,2
1104,lando-norris,3.0,4.0,3.0,0,1,3
1104,oscar-piastri,4.0,6.0,5.0,0,1,4
1104,sergio-perez,5.0,3.0,6.0,0,1,5
1104,lance-stroll,6.0,9.0,9.0,0,1,6
1104,yuki-tsunoda,7.0,8.0,8.0,0,1,7
1104,fernando-alonso,8.0,10.0,10.0,0,1,8
1104,nico-hulkenberg,9.0,16.0,16.0,0,1,9
1104,kevin-magnussen,10.0,14.0,14.0,0,1,10
1104,alexander-albon,11.0,12.0,12.0,0,1,11
1104,daniel-ricciardo,12.0,18.0,18.0,0,1,12
1104,pierre-gasly,13.0,17.0,17.0,0,1,13
1104,valtteri-bottas,14.0,13.0,13.0,0,1,14
1104,guanyu-zhou,15.0,19.0,,1,1,15
1104,esteban-ocon,16.0,15.0,15.0,0,1,16
1104,george-russell,17.0,7.0,7.0,0,1,17
1104,lewis-hamilton,,11.0,11.0,0,0,DNF
1104,max-verstappen,,1.0,1.0,0,0,DNF
1105,max-verstappen,1.0,1.0,1.0,0,1,1
1105,sergio-perez,2.0,2.0,2.0,0,1,2
1105,carlos-sainz-jr,3.0,4.0,4.0,0,1,3
1105,charles-leclerc,4.0,8.0,8.0,0,1,4
1105,lando-norris,5.0,3.0,3.0,0,1,5
1105,fernando-alonso,6.0,5.0,5.0,0,1,6
1105,george-russell,7.0,9.0,9.0,0,1,7
1105,oscar-piastri,8.0,6.0,6.0,0,1,8
1105,lewis-hamilton,9.0,7.0,7.0,0,1,9
1105,yuki-tsunoda,10.0,10.0,10.0,0,1,10
1105,nico-hulkenberg,11.0,12.0,12.0,0,1,11
1105,lance-stroll,12.0,16.0,16.0,0,1,12
1105,kevin-magnussen,13.0,18.0,18.0,0,1,13
1105,valtteri-bottas,14.0,13.0,13.0,0,1,14
1105,esteban-ocon,15.0,15.0,15.0,0,1,15
1105,pierre-gasly,16.0,17.0,17.0,0,1,16
1105,logan-sargeant,17.0,19.0,19.0,0,1,17
1105,guanyu-zhou,,20.0,20.0,0,0,DNF
1105,daniel-ricciardo,,11.0,11.0,0,0,DNF
1105,alexander-albon,,14.0,14.0,0,0,DNF
1106,max-verstappen,1.0,1.0,1.0,0,1,1
1106,lando-norris,2.0,4.0,4.0,0,1,2
1106,sergio-perez,3.0,2.0,2.0,0,1,3
1106,charles-leclerc,4.0,6.0,6.0,0,1,4
1106,carlos-sainz-jr,5.0,7.0,7.0,0,1,5
1106,george-russell,6.0,8.0,8.0,0,1,6
1106,fernando-alonso,7.0,3.0,3.0,0,1,7
1106,oscar-piastri,8.0,5.0,5.0,0,1,8
1106,lewis-hamilton,9.0,18.0,18.0,0,1,9
1106,nico-hulkenberg,10.0,9.0,9.0,0,1,10
1106,esteban-ocon,11.0,13.0,13.0,0,1,11
1106,alexander-albon,12.0,14.0,14.0,0,1,12
1106,pierre-gasly,13.0,15.0,15.0,0,1,13
1106,guanyu-zhou,14.0,16.0,16.0,0,1,14
1106,lance-stroll,15.0,11.0,11.0,0,1,15
1106,kevin-magnussen,16.0,17.0,17.0,0,1,16
1106,logan-sargeant,17.0,20.0,,1,1,17
1106,daniel-ricciardo,,12.0,12.0,0,0,DNF
1106,yuki-tsunoda,,19.0,19.0,0,0,DNF
1106,valtteri-bottas,,10.0,10.0,0,0,DNF
1107,lando-norris,1.0,5.0,5.0,0,1,1
1107,max-verstappen,2.0,1.0,1.0,0,1,2
1107,charles-leclerc,3.0,2.0,2.0,0,1,3
1107,sergio-perez,4.0,4.0,4.0,0,1,4
1107,carlos-sainz-jr,5.0,3.0,3.0,0,1,5
1107,lewis-hamilton,6.0,8.0,8.0,0,1,6
1107,yuki-tsunoda,7.0,10.0,10.0,0,1,7
1107,george-russell,8.0,7.0,7.0,0,1,8
1107,fernando-alonso,9.0,15.0,15.0,0,1,9
1107,esteban-ocon,10.0,13.0,13.0,0,1,10
1107,nico-hulkenberg,11.0,9.0,9.0,0,1,11
1107,pierre-gasly,12.0,12.0,12.0,0,1,12
1107,oscar-piastri,13.0,6.0,6.0,0,1,13
1107,guanyu-zhou,14.0,20.0,19.0,0,1,14
1107,daniel-ricciardo,15.0,18.0,20.0,0,1,15
1107,valtteri-bottas,16.0,16.0,16.0,0,1,16
1107,lance-stroll,17.0,11.0,11.0,0,1,17
1107,alexander-albon,18.0,14.0,14.0,0,1,18
1107,kevin-magnussen,19.0,19.0,18.0,0,1,19
1107,logan-sargeant,,17.0,17.0,0,0,DNF
1108,max-verstappen,1.0,1.0,1.0,0,1,1
1108,lando-norris,2.0,3.0,2.0,0,1,2
1108,charles-leclerc,3.0,4.0,3.0,0,1,3
1108,oscar-piastri,4.0,2.0,5.0,0,1,4
1108,carlos-sainz-jr,5.0,5.0,4.0,0,1,5
1108,lewis-hamilton,6.0,8.0,8.0,0,1,6
1108,george-russell,7.0,6.0,6.0,0,1,7
1108,sergio-perez,8.0,11.0,11.0,0,1,8
1108,lance-stroll,9.0,13.0,13.0,0,1,9
1108,yuki-tsunoda,10.0,7.0,7.0,0,1,10
1108,nico-hulkenberg,11.0,10.0,10.0,0,1,11
1108,kevin-magnussen,12.0,18.0,18.0,0,1,12
1108,daniel-ricciardo,13.0,9.0,9.0,0,1,13
1108,esteban-ocon,14.0,12.0,12.0,0,1,14
1108,guanyu-zhou,15.0,17.0,17.0,0,1,15
1108,pierre-gasly,16.0,15.0,15.0,0,1,16
1108,logan-sargeant,17.0,,19.0,0,1,17
1108,valtteri-bottas,18.0,16.0,16.0,0,1,18
1108,fernando-alonso,19.0,19.0,,1,1,19
1108,alexander-albon,,14.0,14.0,0,0,DNF
1109,charles-leclerc,1.0,1.0,1.0,0,1,1
1109,oscar-piastri,2.0,2.0,2.0,0,1,2
1109,carlos-sainz-jr,3.0,3.0,3.0,0,1,3
1109,lando-norris,4.0,4.0,4.0,0,1,4
1109,george-russell,5.0,5.0,5.0,0,1,5
1109,max-verstappen,6.0,6.0,6.0,0,1,6
1109,lewis-hamilton,7.0,7.0,7.0,0,1,7
1109,yuki-tsunoda,8.0,8.0,8.0,0,1,8
1109,alexander-albon,9.0,9.0,9.0,0,1,9
1109,pierre-gasly,10.0,10.0,10.0,0,1,10
1109,fernando-alonso,11.0,14.0,14.0,0,1,11
1109,daniel-ricciardo,12.0,12.0,12.0,0,1,12
1109,valtteri-bottas,13.0,17.0,17.0,0,1,13
1109,lance-stroll,14.0,13.0,13.0,0,1,14
1109,logan-sargeant,15.0,15.0,15.0,0,1,15
1109,guanyu-zhou,16.0,18.0,18.0,0,1,16
1109,esteban-ocon,,11.0,11.0,0,0,DNF
1109,sergio-perez,,16.0,16.0,0,0,DNF
1109,nico-hulkenberg,,,19.0,0,0,DNF
1109,kevin-magnussen,,,20.0,0,0,DNF
1110,max-verstappen,1.0,2.0,2.0,0,1,1
1110,lando-norris,2.0,3.0,3.0,0,1,2
1110,george-russell,3.0,1.0,1.0,0,1,3
1110,lewis-hamilton,4.0,7.0,7.0,0,1,4
1110,oscar-piastri,5.0,4.0,4.0,0,1,5
1110,fernando-alonso,6.0,6.0,6.0,0,1,6
1110,lance-stroll,7.0,9.0,9.0,0,1,7
1110,daniel-ricciardo,8.0,5.0,5.0,0,1,8
1110,pierre-gasly,9.0,15.0,15.0,0,1,9
1110,esteban-ocon,10.0,18.0,18.0,0,1,10
1110,nico-hulkenberg,11.0,19.0,17.0,0,1,11
1110,kevin-magnussen,12.0,14.0,14.0,0,1,12
1110,valtteri-bottas,13.0,17.0,,1,1,13
1110,yuki-tsunoda,14.0,8.0,8.0,0,1,14
1110,guanyu-zhou,15.0,20.0,,1,1,15
1110,carlos-sainz-jr,,12.0,12.0,0,0,DNF
1110,alexander-albon,,10.0,10.0,0,0,DNF
1110,sergio-perez,,16.0,16.0,0,0,DNF
1110,charles-leclerc,,11.0,11.0,0,0,DNF
1110,logan-sargeant,,13.0,13.0,0,0,DNF
1111,max-verstappen,1.0,2.0,2.0,0,1,1
1111,lando-norris,2.0,1.0,1.0,0,1,2
1111,lewis-hamilton,3.0,3.0,3.0,0,1,3
1111,george-russell,4.0,4.0,4.0,0,1,4
1111,charles-leclerc,5.0,5.0,5.0,0,1,5
1111,carlos-sainz-jr,6.0,6.0,6.0,0,1,6
1111,oscar-piastri,7.0,10.0,9.0,0,1,7
1111,sergio-perez,8.0,8.0,11.0,0,1,8
1111,pierre-gasly,9.0,7.0,7.0,0,1,9
1111,esteban-ocon,10.0,9.0,8.0,0,1,10
1111,nico-hulkenberg,11.0,13.0,13.0,0,1,11
1111,fernando-alonso,12.0,11.0,10.0,0,1,12
1111,guanyu-zhou,13.0,15.0,15.0,0,1,13
1111,lance-stroll,14.0,14.0,14.0,0,1,14
1111,daniel-ricciardo,15.0,18.0,18.0,0,1,15
1111,valtteri-bottas,16.0,12.0,12.0,0,1,16
1111,kevin-magnussen,17.0,16.0,16.0,0,1,17
1111,alexander-albon,18.0,19.0,,1,1,18
1111,yuki-tsunoda,19.0,17.0,17.0,0,1,19
1111,logan-sargeant,20.0,20.0,19.0,0,1,20
1112,george-russell,1.0,3.0,3.0,0,1,1
1112,oscar-piastri,2.0,7.0,7.0,0,1,2
1112,carlos-sainz-jr,3.0,4.0,4.0,0,1,3
1112,lewis-hamilton,4.0,5.0,5.0,0,1,4
1112,max-verstappen,5.0,1.0,1.0,0,1,5
1112,nico-hulkenberg,6.0,9.0,9.0,0,1,6
1112,sergio-perez,7.0,8.0,8.0,0,1,7
1112,kevin-magnussen,8.0,12.0,12.0,0,1,8
1112,daniel-ricciardo,9.0,11.0,11.0,0,1,9
1112,pierre-gasly,10.0,13.0,13.0,0,1,10
1112,charles-leclerc,11.0,6.0,6.0,0,1,11
1112,esteban-ocon,12.0,10.0,10.0,0,1,12
1112,lance-stroll,13.0,17.0,17.0,0,1,13
1112,yuki-tsunoda,14.0,14.0,14.0,0,1,14
1112,alexander-albon,15.0,16.0,16.0,0,1,15
1112,valtteri-bottas,16.0,18.0,18.0,0,1,16
1112,guanyu-zhou,17.0,20.0,,1,1,17
1112,fernando-alonso,18.0,15.0,15.0,0,1,18
1112,logan-sargeant,19.0,19.0,19.0,0,1,19
1112,lando-norris,20.0,2.0,2.0,0,1,20
1113,lewis-hamilton,1.0,2.0,2.0,0,1,1
1113,max-verstappen,2.0,4.0,4.0,0,1,2
1113,lando-norris,3.0,3.0,3.0,0,1,3
1113,oscar-piastri,4.0,5.0,5.0,0,1,4
1113,carlos-sainz-jr,5.0,7.0,7.0,0,1,5
1113,nico-hulkenberg,6.0,6.0,6.0,0,1,6
1113,lance-stroll,7.0,8.0,8.0,0,1,7
1113,fernando-alonso,8.0,10.0,10.0,0,1,8
1113,alexander-albon,9.0,9.0,9.0,0,1,9
1113,yuki-tsunoda,10.0,13.0,13.0,0,1,10
1113,logan-sargeant,11.0,12.0,12.0,0,1,11
1113,kevin-magnussen,12.0,17.0,17.0,0,1,12
1113,daniel-ricciardo,13.0,15.0,15.0,0,1,13
1113,charles-leclerc,14.0,11.0,11.0,0,1,14
1113,valtteri-bottas,15.0,16.0,16.0,0,1,15
1113,esteban-ocon,16.0,18.0,18.0,0,1,16
1113,sergio-perez,17.0,19.0,,1,1,17
1113,guanyu-zhou,18.0,14.0,14.0,0,1,18
1113,george-russell,,1.0,1.0,0,0,DNF
1113,pierre-gasly,,20.0,19.0,0,0,DNS
1114,oscar-piastri,1.0,2.0,2.0,0,1,1
1114,lando-norris,2.0,1.0,1.0,0,1,2
1114,lewis-hamilton,3.0,5.0,5.0,0,1,3
1114,charles-leclerc,4.0,6.0,6.0,0,1,4
1114,max-verstappen,5.0,3.0,3.0,0,1,5
1114,carlos-sainz-jr,6.0,4.0,4.0,0,1,6
1114,sergio-perez,7.0,16.0,16.0,0,1,7
1114,george-russell,8.0,17.0,17.0,0,1,8
1114,yuki-tsunoda,9.0,10.0,10.0,0,1,9
1114,lance-stroll,10.0,8.0,8.0,0,1,10
1114,fernando-alonso,11.0,7.0,7.0,0,1,11
1114,daniel-ricciardo,12.0,9.0,9.0,0,1,12
1114,nico-hulkenberg,13.0,11.0,11.0,0,1,13
1114,alexander-albon,14.0,13.0,13.0,0,1,14
1114,kevin-magnussen,15.0,15.0,15.0,0,1,15
1114,valtteri-bottas,16.0,12.0,12.0,0,1,16
1114,logan-sargeant,17.0,14.0,14.0,0,1,17
1114,esteban-ocon,18.0,19.0,19.0,0,1,18
1114,guanyu-zhou,19.0,18.0,18.0,0,1,19
1114,pierre-gasly,,20.0,,1,0,DNF
1115,lewis-hamilton,1.0,4.0,3.0,0,1,1
1115,oscar-piastri,2.0,6.0,5.0,0,1,2
1115,charles-leclerc,3.0,2.0,1.0,0,1,3
1115,max-verstappen,4.0,1.0,11.0,0,1,4
1115,lando-norris,5.0,5.0,4.0,0,1,5
1115,carlos-sainz-jr,6.0,8.0,7.0,0,1,6
1115,sergio-perez,7.0,3.0,2.0,0,1,7
1115,fernando-alonso,8.0,9.0,8.0,0,1,8
1115,esteban-ocon,9.0,10.0,9.0,0,1,9
1115,daniel-ricciardo,10.0,13.0,13.0,0,1,10
1115,lance-stroll,11.0,15.0,15.0,0,1,11
1115,alexander-albon,12.0,11.0,10.0,0,1,12
1115,pierre-gasly,13.0,12.0,12.0,0,1,13
1115,kevin-magnussen,14.0,17.0,17.0,0,1,14
1115,valtteri-bottas,15.0,14.0,14.0,0,1,15
1115,yuki-tsunoda,16.0,18.0,20.0,0,1,16
1115,logan-sargeant,17.0,19.0,18.0,0,1,17
1115,nico-hulkenberg,18.0,16.0,16.0,0,1,18
1115,guanyu-zhou,,20.0,19.0,0,0,DNF
1115,george-russell,,7.0,6.0,0,0,DSQ
1116,lando-norris,1.0,1.0,1.0,0,1,1
1116,max-verstappen,2.0,2.0,2.0,0,1,2
1116,charles-leclerc,3.0,6.0,6.0,0,1,3
1116,oscar-piastri,4.0,3.0,3.0,0,1,4
1116,carlos-sainz-jr,5.0,10.0,10.0,0,1,5
1116,sergio-perez,6.0,5.0,5.0,0,1,6
1116,george-russell,7.0,4.0,4.0,0,1,7
1116,lewis-hamilton,8.0,11.0,14.0,0,1,8
1116,pierre-gasly,9.0,9.0,9.0,0,1,9
1116,fernando-alonso,10.0,7.0,7.0,0,1,10
1116,nico-hulkenberg,11.0,13.0,12.0,0,1,11
1116,daniel-ricciardo,12.0,15.0,13.0,0,1,12
1116,lance-stroll,13.0,8.0,8.0,0,1,13
1116,alexander-albon,14.0,,19.0,0,1,14
1116,esteban-ocon,15.0,16.0,15.0,0,1,15
1116,logan-sargeant,16.0,,18.0,0,1,16
1116,yuki-tsunoda,17.0,12.0,11.0,0,1,17
1116,kevin-magnussen,18.0,14.0,,1,1,18
1116,valtteri-bottas,19.0,17.0,16.0,0,1,19
1116,guanyu-zhou,20.0,18.0,17.0,0,1,20
1117,charles-leclerc,1.0,4.0,4.0,0,1,1
1117,oscar-piastri,2.0,2.0,2.0,0,1,2
1117,lando-norris,3.0,1.0,1.0,0,1,3
1117,carlos-sainz-jr,4.0,5.0,5.0,0,1,4
1117,lewis-hamilton,5.0,6.0,6.0,0,1,5
1117,max-verstappen,6.0,7.0,7.0,0,1,6
1117,george-russell,7.0,3.0,3.0,0,1,7
1117,sergio-perez,8.0,8.0,8.0,0,1,8
1117,alexander-albon,9.0,9.0,9.0,0,1,9
1117,kevin-magnussen,10.0,13.0,13.0,0,1,10
1117,fernando-alonso,11.0,11.0,11.0,0,1,11
1117,franco-colapinto,12.0,18.0,18.0,0,1,12
1117,daniel-ricciardo,13.0,12.0,12.0,0,1,13
1117,esteban-ocon,14.0,15.0,15.0,0,1,14
1117,pierre-gasly,15.0,14.0,14.0,0,1,15
1117,valtteri-bottas,16.0,19.0,19.0,0,1,16
1117,nico-hulkenberg,17.0,10.0,10.0,0,1,17
1117,guanyu-zhou,18.0,20.0,20.0,0,1,18
1117,lance-stroll,19.0,17.0,17.0,0,1,19
1117,yuki-tsunoda,,16.0,16.0,0,0,DNF
1118,oscar-piastri,1.0,2.0,2.0,0,1,1
1118,charles-leclerc,2.0,1.0,1.0,0,1,2
1118,george-russell,3.0,5.0,5.0,0,1,3
1118,lando-norris,4.0,16.0,15.0,0,1,4
1118,max-verstappen,5.0,6.0,6.0,0,1,5
1118,fernando-alonso,6.0,8.0,7.0,0,1,6
1118,alexander-albon,7.0,10.0,9.0,0,1,7
1118,franco-colapinto,8.0,9.0,8.0,0,1,8
1118,lewis-hamilton,9.0,7.0,,1,1,9
1118,oliver-bearman,10.0,11.0,10.0,0,1,10
1118,nico-hulkenberg,11.0,13.0,12.0,0,1,11
1118,pierre-gasly,12.0,,18.0,0,1,12
1118,daniel-ricciardo,13.0,15.0,14.0,0,1,13
1118,guanyu-zhou,14.0,18.0,17.0,0,1,14
1118,esteban-ocon,15.0,19.0,,1,1,15
1118,valtteri-bottas,16.0,17.0,16.0,0,1,16
1118,sergio-perez,17.0,4.0,4.0,0,1,17
1118,carlos-sainz-jr,18.0,3.0,3.0,0,1,18
1118,lance-stroll,19.0,14.0,13.0,0,1,19
1118,yuki-tsunoda,,12.0,11.0,0,0,DNF
1119,lando-norris,1.0,1.0,1.0,0,1,1
1119,max-verstappen,2.0,2.0,2.0,0,1,2
1119,oscar-piastri,3.0,5.0,5.0,0,1,3
1119,george-russell,4.0,4.0,4.0,0,1,4
1119,charles-leclerc,5.0,9.0,9.0,0,1,5
1119,lewis-hamilton,6.0,3.0,3.0,0,1,6
1119,carlos-sainz-jr,7.0,10.0,10.0,0,1,7
1119,fernando-alonso,8.0,7.0,7.0,0,1,8
1119,nico-hulkenberg,9.0,6.0,6.0,0,1,9
1119,sergio-perez,10.0,13.0,13.0,0,1,10
1119,franco-colapinto,11.0,12.0,12.0,0,1,11
1119,yuki-tsunoda,12.0,8.0,8.0,0,1,12
1119,esteban-ocon,13.0,15.0,15.0,0,1,13
1119,lance-stroll,14.0,17.0,17.0,0,1,14
1119,guanyu-zhou,15.0,20.0,20.0,0,1,15
1119,valtteri-bottas,16.0,19.0,19.0,0,1,16
1119,pierre-gasly,17.0,18.0,18.0,0,1,17
1119,daniel-ricciardo,18.0,16.0,16.0,0,1,18
1119,kevin-magnussen,19.0,14.0,14.0,0,1,19
1119,alexander-albon,,11.0,11.0,0,0,DNF
1120,charles-leclerc,1.0,4.0,4.0,0,1,1
1120,carlos-sainz-jr,2.0,3.0,3.0,0,1,2
1120,max-verstappen,3.0,2.0,2.0,0,1,3
1120,lando-norris,4.0,1.0,1.0,0,1,4
1120,oscar-piastri,5.0,5.0,5.0,0,1,5
1120,george-russell,6.0,6.0,,1,1,6
1120,sergio-perez,7.0,10.0,9.0,0,1,7
1120,nico-hulkenberg,8.0,12.0,11.0,0,1,8
1120,liam-lawson,9.0,15.0,19.0,0,1,9
1120,franco-colapinto,10.0,17.0,15.0,0,1,10
1120,kevin-magnussen,11.0,9.0,8.0,0,1,11
1120,pierre-gasly,12.0,7.0,6.0,0,1,12
1120,fernando-alonso,13.0,8.0,7.0,0,1,13
1120,yuki-tsunoda,14.0,11.0,10.0,0,1,14
1120,lance-stroll,15.0,14.0,13.0,0,1,15
1120,alexander-albon,16.0,16.0,14.0,0,1,16
1120,valtteri-bottas,17.0,18.0,16.0,0,1,17
1120,esteban-ocon,18.0,13.0,12.0,0,1,18
1120,guanyu-zhou,19.0,20.0,18.0,0,1,19
1120,lewis-hamilton,,19.0,17.0,0,0,DNF
1121,carlos-sainz-jr,1.0,1.0,1.0,0,1,1
1121,lando-norris,2.0,3.0,3.0,0,1,2
1121,charles-leclerc,3.0,4.0,4.0,0,1,3
1121,lewis-hamilton,4.0,6.0,6.0,0,1,4
1121,george-russell,5.0,5.0,5.0,0,1,5
1121,max-verstappen,6.0,2.0,2.0,0,1,6
1121,kevin-magnussen,7.0,7.0,7.0,0,1,7
1121,oscar-piastri,8.0,17.0,17.0,0,1,8
1121,nico-hulkenberg,9.0,10.0,10.0,0,1,9
1121,pierre-gasly,10.0,8.0,8.0,0,1,10
1121,lance-stroll,11.0,14.0,14.0,0,1,11
1121,franco-colapinto,12.0,16.0,16.0,0,1,12
1121,esteban-ocon,13.0,19.0,,1,1,13
1121,valtteri-bottas,14.0,15.0,15.0,0,1,14
1121,guanyu-zhou,15.0,20.0,19.0,0,1,15
1121,liam-lawson,16.0,12.0,12.0,0,1,16
1121,sergio-perez,17.0,18.0,18.0,0,1,17
1121,fernando-alonso,,13.0,13.0,0,0,DNF
1121,alexander-albon,,9.0,9.0,0,0,DNF
1121,yuki-tsunoda,,11.0,11.0,0,0,DNF
1122,max-verstappen,1.0,12.0,17.0,0,1,1
1122,esteban-ocon,2.0,4.0,4.0,0,1,2
1122,pierre-gasly,3.0,15.0,13.0,0,1,3
1122,george-russell,4.0,2.0,2.0,0,1,4
1122,charles-leclerc,5.0,6.0,6.0,0,1,5
1122,lando-norris,6.0,1.0,1.0,0,1,6
1122,yuki-tsunoda,7.0,3.0,3.0,0,1,7
1122,oscar-piastri,8.0,8.0,8.0,0,1,8
1122,liam-lawson,9.0,5.0,5.0,0,1,9
1122,lewis-hamilton,10.0,16.0,14.0,0,1,10
1122,sergio-perez,11.0,13.0,12.0,0,1,11
1122,oliver-bearman,12.0,17.0,15.0,0,1,12
1122,valtteri-bottas,13.0,11.0,11.0,0,1,13
1122,fernando-alonso,14.0,9.0,9.0,0,1,14
1122,guanyu-zhou,15.0,20.0,19.0,0,1,15
1122,carlos-sainz-jr,,14.0,,1,0,DNF
1122,franco-colapinto,,18.0,16.0,0,0,DNF
1122,alexander-albon,,7.0,7.0,0,0,DNS
1122,lance-stroll,,10.0,10.0,0,0,DNS
1122,nico-hulkenberg,,19.0,18.0,0,0,DSQ
1123,george-russell,1.0,1.0,1.0,0,1,1
1123,lewis-hamilton,2.0,10.0,10.0,0,1,2
1123,carlos-sainz-jr,3.0,2.0,2.0,0,1,3
1123,charles-leclerc,4.0,4.0,4.0,0,1,4
1123,max-verstappen,5.0,5.0,5.0,0,1,5
1123,lando-norris,6.0,6.0,6.0,0,1,6
1123,oscar-piastri,7.0,8.0,8.0,0,1,7
1123,nico-hulkenberg,8.0,9.0,9.0,0,1,8
1123,yuki-tsunoda,9.0,7.0,7.0,0,1,9
1123,sergio-perez,10.0,16.0,15.0,0,1,10
1123,fernando-alonso,11.0,17.0,16.0,0,1,11
1123,kevin-magnussen,12.0,12.0,12.0,0,1,12
1123,guanyu-zhou,13.0,13.0,13.0,0,1,13
1123,franco-colapinto,14.0,14.0,,1,1,14
1123,lance-stroll,15.0,20.0,18.0,0,1,15
1123,liam-lawson,16.0,15.0,14.0,0,1,16
1123,esteban-ocon,17.0,11.0,11.0,0,1,17
1123,valtteri-bottas,18.0,19.0,19.0,0,1,18
1123,alexander-albon,,18.0,17.0,0,0,DNF
1123,pierre-gasly,,3.0,3.0,0,0,DNF
1124,max-verstappen,1.0,1.0,2.0,0,1,1
1124,charles-leclerc,2.0,5.0,5.0,0,1,2
1124,oscar-piastri,3.0,4.0,4.0,0,1,3
1124,george-russell,4.0,2.0,1.0,0,1,4
1124,pierre-gasly,5.0,11.0,11.0,0,1,5
1124,carlos-sainz-jr,6.0,7.0,7.0,0,1,6
1124,fernando-alonso,7.0,8.0,8.0,0,1,7
1124,guanyu-zhou,8.0,12.0,12.0,0,1,8
1124,kevin-magnussen,9.0,10.0,10.0,0,1,9
1124,lando-norris,10.0,3.0,3.0,0,1,10
1124,valtteri-bottas,11.0,13.0,13.0,0,1,11
1124,lewis-hamilton,12.0,6.0,6.0,0,1,12
1124,yuki-tsunoda,13.0,14.0,14.0,0,1,13
1124,liam-lawson,14.0,17.0,17.0,0,1,14
1124,alexander-albon,15.0,16.0,16.0,0,1,15
1124,nico-hulkenberg,,18.0,18.0,0,0,DNF
1124,sergio-perez,,9.0,9.0,0,0,DNF
1124,lance-stroll,,15.0,15.0,0,0,DNF
1124,franco-colapinto,,19.0,19.0,0,0,DNF
1124,esteban-ocon,,20.0,20.0,0,0,DNF
1125,lando-norris,1.0,1.0,1.0,0,1,1
1125,carlos-sainz-jr,2.0,3.0,3.0,0,1,2
1125,charles-leclerc,3.0,14.0,19.0,0,1,3
1125,lewis-hamilton,4.0,18.0,16.0,0,1,4
1125,george-russell,5.0,7.0,6.0,0,1,5
1125,max-verstappen,6.0,5.0,4.0,0,1,6
1125,pierre-gasly,7.0,6.0,5.0,0,1,7
1125,nico-hulkenberg,8.0,4.0,7.0,0,1,8
1125,fernando-alonso,9.0,8.0,8.0,0,1,9
1125,oscar-piastri,10.0,2.0,2.0,0,1,10
1125,alexander-albon,11.0,16.0,18.0,0,1,11
1125,yuki-tsunoda,12.0,11.0,11.0,0,1,12
1125,guanyu-zhou,13.0,17.0,15.0,0,1,13
1125,lance-stroll,14.0,13.0,13.0,0,1,14
1125,jack-doohan,15.0,20.0,17.0,0,1,15
1125,kevin-magnussen,16.0,15.0,14.0,0,1,16
1125,liam-lawson,17.0,12.0,12.0,0,1,17
1125,valtteri-bottas,,9.0,9.0,0,0,DNF
1125,franco-colapinto,,19.0,20.0,0,0,DNF
1125,sergio-perez,,10.0,10.0,0,0,DNF
1126,lando-norris,1.0,1.0,1.0,0,1,1
1126,max-verstappen,2.0,3.0,3.0,0,1,2
1126,george-russell,3.0,4.0,4.0,0,1,3
1126,kimi-antonelli,4.0,16.0,16.0,0,1,4
1126,alexander-albon,5.0,6.0,6.0,0,1,5
1126,lance-stroll,6.0,13.0,13.0,0,1,6
1126,nico-hulkenberg,7.0,17.0,17.0,0,1,7
1126,charles-leclerc,8.0,7.0,7.0,0,1,8
1126,oscar-piastri,9.0,2.0,2.0,0,1,9
1126,lewis-hamilton,10.0,8.0,8.0,0,1,10
1126,pierre-gasly,11.0,9.0,9.0,0,1,11
1126,yuki-tsunoda,12.0,5.0,5.0,0,1,12
1126,esteban-ocon,13.0,19.0,19.0,0,1,13
1126,oliver-bearman,14.0,,,1,1,14
1126,liam-lawson,,18.0,,1,0,DNF
1126,gabriel-bortoleto,,15.0,15.0,0,0,DNF
1126,fernando-alonso,,12.0,12.0,0,0,DNF
1126,carlos-sainz-jr,,10.0,10.0,0,0,DNF
1126,jack-doohan,,14.0,14.0,0,0,DNF
1126,isack-hadjar,,11.0,11.0,0,0,DNF
1127,oscar-piastri,1.0,1.0,1.0,0,1,1
1127,lando-norris,2.0,3.0,3.0,0,1,2
1127,george-russell,3.0,2.0,2.0,0,1,3
1127,max-verstappen,4.0,4.0,4.0,0,1,4
1127,esteban-ocon,5.0,11.0,11.0,0,1,5
1127,kimi-antonelli,6.0,8.0,8.0,0,1,6
1127,alexander-albon,7.0,10.0,10.0,0,1,7
1127,oliver-bearman,8.0,17.0,17.0,0,1,8
1127,lance-stroll,9.0,14.0,14.0,0,1,9
1127,carlos-sainz-jr,10.0,15.0,15.0,0,1,10
1127,isack-hadjar,11.0,7.0,7.0,0,1,11
1127,liam-lawson,12.0,20.0,,1,1,12
1127,jack-doohan,13.0,18.0,18.0,0,1,13
1127,gabriel-bortoleto,14.0,19.0,19.0,0,1,14
1127,nico-hulkenberg,15.0,12.0,12.0,0,1,15
1127,yuki-tsunoda,16.0,9.0,9.0,0,1,16
1127,fernando-alonso,,13.0,13.0,0,0,DNF
1127,charles-leclerc,,6.0,6.0,0,0,DSQ
1127,lewis-hamilton,,5.0,5.0,0,0,DSQ
1127,pierre-gasly,,16.0,16.0,0,0,DSQ
1128,max-verstappen,1.0,1.0,1.0,0,1,1
1128,lando-norris,2.0,2.0,2.0,0,1,2
1128,oscar-piastri,3.0,3.0,3.0,0,1,3
1128,charles-leclerc,4.0,4.0,4.0,0,1,4
1128,george-russell,5.0,5.0,5.0,0,1,5
1128,kimi-antonelli,6.0,6.0,6.0,0,1,6
1128,lewis-hamilton,7.0,8.0,8.0,0,1,7
1128,isack-hadjar,8.0,7.0,7.0,0,1,8
1128,alexander-albon,9.0,9.0,9.0,0,1,9
1128,oliver-bearman,10.0,10.0,10.0,0,1,10
1128,fernando-alonso,11.0,13.0,12.0,0,1,11
1128,yuki-tsunoda,12.0,15.0,14.0,0,1,12
1128,pierre-gasly,13.0,11.0,11.0,0,1,13
1128,carlos-sainz-jr,14.0,12.0,15.0,0,1,14
1128,jack-doohan,15.0,19.0,19.0,0,1,15
1128,nico-hulkenberg,16.0,16.0,16.0,0,1,16
1128,liam-lawson,17.0,14.0,13.0,0,1,17
1128,esteban-ocon,18.0,18.0,18.0,0,1,18
1128,gabriel-bortoleto,19.0,17.0,17.0,0,1,19
1128,lance-stroll,20.0,20.0,20.0,0,1,20
1129,oscar-piastri,1.0,1.0,1.0,0,1,1
1129,george-russell,2.0,2.0,3.0,0,1,2
1129,lando-norris,3.0,6.0,6.0,0,1,3
1129,charles-leclerc,4.0,3.0,2.0,0,1,4
1129,lewis-hamilton,5.0,9.0,9.0,0,1,5
1129,max-verstappen,6.0,7.0,7.0,0,1,6
1129,pierre-gasly,7.0,5.0,4.0,0,1,7
1129,esteban-ocon,8.0,14.0,14.0,0,1,8
1129,yuki-tsunoda,9.0,10.0,10.0,0,1,9
1129,oliver-bearman,10.0,20.0,20.0,0,1,10
1129,kimi-antonelli,11.0,4.0,5.0,0,1,11
1129,alexander-albon,12.0,15.0,15.0,0,1,12
1129,isack-hadjar,13.0,12.0,12.0,0,1,13
1129,jack-doohan,14.0,11.0,11.0,0,1,14
1129,fernando-alonso,15.0,13.0,13.0,0,1,15
1129,liam-lawson,16.0,17.0,17.0,0,1,16
1129,lance-stroll,17.0,19.0,19.0,0,1,17
1129,gabriel-bortoleto,18.0,18.0,18.0,0,1,18
1129,carlos-sainz-jr,,8.0,8.0,0,0,DNF
1129,nico-hulkenberg,,16.0,16.0,0,0,DSQ
1130,oscar-piastri,1.0,2.0,2.0,0,1,1
1130,max-verstappen,2.0,1.0,1.0,0,1,2
1130,charles-leclerc,3.0,4.0,4.0,0,1,3
1130,lando-norris,4.0,10.0,10.0,0,1,4
1130,george-russell,5.0,3.0,3.0,0,1,5
1130,kimi-antonelli,6.0,5.0,5.0,0,1,6
1130,lewis-hamilton,7.0,7.0,7.0,0,1,7
1130,carlos-sainz-jr,8.0,6.0,6.0,0,1,8
1130,alexander-albon,9.0,11.0,11.0,0,1,9
1130,isack-hadjar,10.0,14.0,14.0,0,1,10
1130,fernando-alonso,11.0,13.0,13.0,0,1,11
1130,liam-lawson,12.0,12.0,12.0,0,1,12
1130,oliver-bearman,13.0,15.0,15.0,0,1,13
1130,esteban-ocon,14.0,19.0,19.0,0,1,14
1130,nico-hulkenberg,15.0,18.0,18.0,0,1,15
1130,lance-stroll,16.0,16.0,16.0,0,1,16
1130,jack-doohan,17.0,17.0,17.0,0,1,17
1130,gabriel-bortoleto,18.0,20.0,20.0,0,1,18
1130,yuki-tsunoda,,8.0,8.0,0,0,DNF
1130,pierre-gasly,,9.0,9.0,0,0,DNF
1131,oscar-piastri,1.0,4.0,4.0,0,1,1
1131,lando-norris,2.0,2.0,2.0,0,1,2
1131,george-russell,3.0,5.0,5.0,0,1,3
1131,max-verstappen,4.0,1.0,1.0,0,1,4
1131,alexander-albon,5.0,7.0,7.0,0,1,5
1131,kimi-antonelli,6.0,3.0,3.0,0,1,6
1131,charles-leclerc,7.0,8.0,8.0,0,1,7
1131,lewis-hamilton,8.0,12.0,12.0,0,1,8
1131,carlos-sainz-jr,9.0,6.0,6.0,0,1,9
1131,yuki-tsunoda,10.0,10.0,10.0,0,1,10
1131,isack-hadjar,11.0,11.0,11.0,0,1,11
1131,esteban-ocon,12.0,9.0,9.0,0,1,12
1131,pierre-gasly,13.0,18.0,,1,1,13
1131,nico-hulkenberg,14.0,16.0,16.0,0,1,14
1131,fernando-alonso,15.0,17.0,17.0,0,1,15
1131,lance-stroll,16.0,19.0,18.0,0,1,16
1131,liam-lawson,,15.0,15.0,0,0,DNF
1131,gabriel-bortoleto,,13.0,13.0,0,0,DNF
1131,oliver-bearman,,20.0,19.0,0,0,DNF
1131,jack-doohan,,14.0,14.0,0,0,DNF
1132,max-verstappen,1.0,2.0,2.0,0,1,1
1132,lando-norris,2.0,4.0,4.0,0,1,2
1132,oscar-piastri,3.0,1.0,1.0,0,1,3
1132,lewis-hamilton,4.0,12.0,12.0,0,1,4
1132,alexander-albon,5.0,7.0,7.0,0,1,5
1132,charles-leclerc,6.0,11.0,11.0,0,1,6
1132,george-russell,7.0,3.0,3.0,0,1,7
1132,carlos-sainz-jr,8.0,6.0,6.0,0,1,8
1132,isack-hadjar,9.0,9.0,9.0,0,1,9
1132,yuki-tsunoda,10.0,,,1,1,10
1132,fernando-alonso,11.0,5.0,5.0,0,1,11
1132,nico-hulkenberg,12.0,17.0,17.0,0,1,12
1132,pierre-gasly,13.0,10.0,10.0,0,1,13
1132,liam-lawson,14.0,16.0,15.0,0,1,14
1132,lance-stroll,15.0,8.0,8.0,0,1,15
1132,franco-colapinto,16.0,15.0,16.0,0,1,16
1132,oliver-bearman,17.0,19.0,19.0,0,1,17
1132,gabriel-bortoleto,18.0,14.0,14.0,0,1,18
1132,kimi-antonelli,,13.0,13.0,0,0,DNF
1132,esteban-ocon,,18.0,18.0,0,0,DNF
1133,lando-norris,1.0,1.0,1.0,0,1,1
1133,charles-leclerc,2.0,2.0,2.0,0,1,2
1133,oscar-piastri,3.0,3.0,3.0,0,1,3
1133,max-verstappen,4.0,5.0,4.0,0,1,4
1133,lewis-hamilton,5.0,4.0,7.0,0,1,5
1133,isack-hadjar,6.0,6.0,5.0,0,1,6
1133,esteban-ocon,7.0,8.0,8.0,0,1,7
1133,liam-lawson,8.0,9.0,9.0,0,1,8
1133,alexander-albon,9.0,10.0,10.0,0,1,9
1133,carlos-sainz-jr,10.0,11.0,11.0,0,1,10
1133,george-russell,11.0,14.0,14.0,0,1,11
1133,oliver-bearman,12.0,17.0,20.0,0,1,12
1133,franco-colapinto,13.0,20.0,18.0,0,1,13
1133,gabriel-bortoleto,14.0,16.0,16.0,0,1,14
1133,lance-stroll,15.0,19.0,19.0,0,1,15
1133,nico-hulkenberg,16.0,13.0,13.0,0,1,16
1133,yuki-tsunoda,17.0,12.0,12.0,0,1,17
1133,kimi-antonelli,18.0,15.0,15.0,0,1,18
1133,fernando-alonso,,7.0,6.0,0,0,DNF
1133,pierre-gasly,,18.0,17.0,0,0,DNF
1134,oscar-piastri,1.0,1.0,1.0,0,1,1
1134,lando-norris,2.0,2.0,2.0,0,1,2
1134,charles-leclerc,3.0,7.0,7.0,0,1,3
1134,george-russell,4.0,4.0,4.0,0,1,4
1134,nico-hulkenberg,5.0,16.0,15.0,0,1,5
1134,lewis-hamilton,6.0,5.0,5.0,0,1,6
1134,isack-hadjar,7.0,9.0,9.0,0,1,7
1134,pierre-gasly,8.0,8.0,8.0,0,1,8
1134,fernando-alonso,9.0,10.0,10.0,0,1,9
1134,max-verstappen,10.0,3.0,3.0,0,1,10
1134,liam-lawson,11.0,13.0,13.0,0,1,11
1134,gabriel-bortoleto,12.0,12.0,12.0,0,1,12
1134,yuki-tsunoda,13.0,20.0,,1,1,13
1134,carlos-sainz-jr,14.0,18.0,17.0,0,1,14
1134,franco-colapinto,15.0,19.0,18.0,0,1,15
1134,esteban-ocon,16.0,17.0,16.0,0,1,16
1134,oliver-bearman,17.0,15.0,14.0,0,1,17
1134,kimi-antonelli,,6.0,6.0,0,0,DNF
1134,alexander-albon,,11.0,11.0,0,0,DNF
1134,lance-stroll,,14.0,14.0,0,0,DNS
1135,george-russell,1.0,1.0,1.0,0,1,1
1135,max-verstappen,2.0,2.0,2.0,0,1,2
1135,kimi-antonelli,3.0,4.0,4.0,0,1,3
1135,oscar-piastri,4.0,3.0,3.0,0,1,4
1135,charles-leclerc,5.0,8.0,8.0,0,1,5
1135,lewis-hamilton,6.0,5.0,5.0,0,1,6
1135,fernando-alonso,7.0,6.0,6.0,0,1,7
1135,nico-hulkenberg,8.0,13.0,11.0,0,1,8
1135,esteban-ocon,9.0,15.0,14.0,0,1,9
1135,carlos-sainz-jr,10.0,17.0,16.0,0,1,10
1135,oliver-bearman,11.0,14.0,13.0,0,1,11
1135,yuki-tsunoda,12.0,11.0,18.0,0,1,12
1135,franco-colapinto,13.0,12.0,10.0,0,1,13
1135,gabriel-bortoleto,14.0,16.0,15.0,0,1,14
1135,pierre-gasly,15.0,20.0,,1,1,15
1135,isack-hadjar,16.0,9.0,12.0,0,1,16
1135,lance-stroll,17.0,18.0,17.0,0,1,17
1135,lando-norris,18.0,7.0,7.0,0,1,18
1135,liam-lawson,,19.0,,1,0,DNF
1135,alexander-albon,,10.0,9.0,0,0,DNF
1136,lando-norris,1.0,1.0,1.0,0,1,1
1136,oscar-piastri,2.0,3.0,3.0,0,1,2
1136,charles-leclerc,3.0,2.0,2.0,0,1,3
1136,lewis-hamilton,4.0,4.0,4.0,0,1,4
1136,george-russell,5.0,5.0,5.0,0,1,5
1136,liam-lawson,6.0,6.0,6.0,0,1,6
1136,fernando-alonso,7.0,11.0,11.0,0,1,7
1136,gabriel-bortoleto,8.0,8.0,8.0,0,1,8
1136,nico-hulkenberg,9.0,20.0,20.0,0,1,9
1136,esteban-ocon,10.0,17.0,17.0,0,1,10
1136,oliver-bearman,11.0,15.0,15.0,0,1,11
1136,isack-hadjar,12.0,13.0,13.0,0,1,12
1136,pierre-gasly,13.0,10.0,10.0,0,1,13
1136,lance-stroll,14.0,16.0,16.0,0,1,14
1136,franco-colapinto,15.0,14.0,14.0,0,1,15
1136,yuki-tsunoda,16.0,18.0,18.0,0,1,16
1136,alexander-albon,,12.0,12.0,0,0,DNF
1136,max-verstappen,,7.0,7.0,0,0,DNF
1136,kimi-antonelli,,9.0,9.0,0,0,DNF
1136,carlos-sainz-jr,,19.0,19.0,0,0,DNS
1137,lando-norris,1.0,3.0,3.0,0,1,1
1137,oscar-piastri,2.0,2.0,2.0,0,1,2
1137,nico-hulkenberg,3.0,19.0,19.0,0,1,3
1137,lewis-hamilton,4.0,5.0,5.0,0,1,4
1137,max-verstappen,5.0,1.0,1.0,0,1,5
1137,pierre-gasly,6.0,10.0,8.0,0,1,6
1137,lance-stroll,7.0,18.0,17.0,0,1,7
1137,alexander-albon,8.0,14.0,13.0,0,1,8
1137,fernando-alonso,9.0,9.0,7.0,0,1,9
1137,george-russell,10.0,4.0,4.0,0,1,10
1137,oliver-bearman,11.0,8.0,18.0,0,1,11
1137,carlos-sainz-jr,12.0,11.0,9.0,0,1,12
1137,esteban-ocon,13.0,15.0,14.0,0,1,13
1137,charles-leclerc,14.0,6.0,6.0,0,1,14
1137,yuki-tsunoda,15.0,12.0,11.0,0,1,15
1137,kimi-antonelli,,7.0,10.0,0,0,DNF
1137,isack-hadjar,,13.0,12.0,0,0,DNF
1137,gabriel-bortoleto,,17.0,16.0,0,0,DNF
1137,liam-lawson,,16.0,15.0,0,0,DNF
1137,franco-colapinto,,20.0,,1,0,DNS
1138,oscar-piastri,1.0,2.0,2.0,0,1,1
1138,lando-norris,2.0,1.0,1.0,0,1,2
1138,charles-leclerc,3.0,3.0,3.0,0,1,3
1138,max-verstappen,4.0,4.0,4.0,0,1,4
1138,george-russell,5.0,6.0,6.0,0,1,5
1138,alexander-albon,6.0,5.0,5.0,0,1,6
1138,lewis-hamilton,7.0,16.0,,1,1,7
1138,liam-lawson,8.0,9.0,9.0,0,1,8
1138,gabriel-bortoleto,9.0,10.0,10.0,0,1,9
1138,pierre-gasly,10.0,13.0,13.0,0,1,10
1138,oliver-bearman,11.0,12.0,12.0,0,1,11
1138,nico-hulkenberg,12.0,14.0,14.0,0,1,12
1138,yuki-tsunoda,13.0,7.0,7.0,0,1,13
1138,lance-stroll,14.0,20.0,16.0,0,1,14
1138,esteban-ocon,15.0,11.0,11.0,0,1,15
1138,kimi-antonelli,16.0,18.0,,1,1,16
1138,fernando-alonso,17.0,19.0,,1,1,17
1138,carlos-sainz-jr,18.0,15.0,,1,1,18
1138,franco-colapinto,19.0,17.0,15.0,0,1,19
1138,isack-hadjar,20.0,8.0,8.0,0,1,20
1139,lando-norris,1.0,3.0,3.0,0,1,1
1139,oscar-piastri,2.0,2.0,2.0,0,1,2
1139,george-russell,3.0,4.0,4.0,0,1,3
1139,charles-leclerc,4.0,1.0,1.0,0,1,4
1139,fernando-alonso,5.0,5.0,5.0,0,1,5
1139,gabriel-bortoleto,6.0,7.0,7.0,0,1,6
1139,lance-stroll,7.0,6.0,6.0,0,1,7
1139,liam-lawson,8.0,9.0,9.0,0,1,8
1139,max-verstappen,9.0,8.0,8.0,0,1,9
1139,kimi-antonelli,10.0,15.0,15.0,0,1,10
1139,isack-hadjar,11.0,10.0,10.0,0,1,11
1139,lewis-hamilton,12.0,12.0,12.0,0,1,12
1139,nico-hulkenberg,13.0,19.0,18.0,0,1,13
1139,carlos-sainz-jr,14.0,13.0,13.0,0,1,14
1139,alexander-albon,15.0,20.0,19.0,0,1,15
1139,esteban-ocon,16.0,18.0,17.0,0,1,16
1139,yuki-tsunoda,17.0,16.0,,1,1,17
1139,franco-colapinto,18.0,14.0,14.0,0,1,18
1139,pierre-gasly,19.0,17.0,16.0,0,1,19
1139,oliver-bearman,,11.0,11.0,0,0,DNF
1140,oscar-piastri,1.0,1.0,1.0,0,1,1
1140,max-verstappen,2.0,3.0,3.0,0,1,2
1140,isack-hadjar,3.0,4.0,4.0,0,1,3
1140,george-russell,4.0,5.0,5.0,0,1,4
1140,alexander-albon,5.0,15.0,15.0,0,1,5
1140,oliver-bearman,6.0,19.0,,1,1,6
1140,lance-stroll,7.0,,19.0,0,1,7
1140,fernando-alonso,8.0,10.0,10.0,0,1,8
1140,yuki-tsunoda,9.0,12.0,12.0,0,1,9
1140,esteban-ocon,10.0,18.0,18.0,0,1,10
1140,franco-colapinto,11.0,16.0,16.0,0,1,11
1140,liam-lawson,12.0,8.0,8.0,0,1,12
1140,carlos-sainz-jr,13.0,9.0,9.0,0,1,13
1140,nico-hulkenberg,14.0,17.0,17.0,0,1,14
1140,gabriel-bortoleto,15.0,13.0,13.0,0,1,15
1140,kimi-antonelli,16.0,11.0,11.0,0,1,16
1140,pierre-gasly,17.0,14.0,14.0,0,1,17
1140,lando-norris,18.0,2.0,2.0,0,1,18
1140,charles-leclerc,,6.0,6.0,0,0,DNF
1140,lewis-hamilton,,7.0,7.0,0,0,DNF
1141,max-verstappen,1.0,1.0,1.0,0,1,1
1141,lando-norris,2.0,2.0,2.0,0,1,2
1141,oscar-piastri,3.0,3.0,3.0,0,1,3
1141,charles-leclerc,4.0,4.0,4.0,0,1,4
1141,george-russell,5.0,6.0,5.0,0,1,5
1141,lewis-hamilton,6.0,5.0,10.0,0,1,6
1141,alexander-albon,7.0,14.0,14.0,0,1,7
1141,gabriel-bortoleto,8.0,8.0,7.0,0,1,8
1141,kimi-antonelli,9.0,7.0,6.0,0,1,9
1141,isack-hadjar,10.0,16.0,,1,1,10
1141,carlos-sainz-jr,11.0,13.0,13.0,0,1,11
1141,oliver-bearman,12.0,11.0,11.0,0,1,12
1141,yuki-tsunoda,13.0,10.0,9.0,0,1,13
1141,liam-lawson,14.0,20.0,18.0,0,1,14
1141,esteban-ocon,15.0,15.0,15.0,0,1,15
1141,pierre-gasly,16.0,19.0,,1,1,16
1141,franco-colapinto,17.0,18.0,17.0,0,1,17
1141,lance-stroll,18.0,17.0,16.0,0,1,18
1141,fernando-alonso,,9.0,8.0,0,0,DNF
1141,nico-hulkenberg,,12.0,12.0,0,0,DNS
1142,max-verstappen,1.0,1.0,1.0,0,1,1
1142,george-russell,2.0,5.0,5.0,0,1,2
1142,carlos-sainz-jr,3.0,2.0,2.0,0,1,3
1142,kimi-antonelli,4.0,4.0,4.0,0,1,4
1142,liam-lawson,5.0,3.0,3.0,0,1,5
1142,yuki-tsunoda,6.0,6.0,6.0,0,1,6
1142,lando-norris,7.0,7.0,7.0,0,1,7
1142,lewis-hamilton,8.0,12.0,12.0,0,1,8
1142,charles-leclerc,9.0,10.0,10.0,0,1,9
1142,isack-hadjar,10.0,8.0,8.0,0,1,10
1142,gabriel-bortoleto,11.0,13.0,13.0,0,1,11
1142,oliver-bearman,12.0,15.0,15.0,0,1,12
1142,alexander-albon,13.0,19.0,19.0,0,1,13
1142,esteban-ocon,14.0,,20.0,0,1,14
1142,fernando-alonso,15.0,11.0,11.0,0,1,15
1142,nico-hulkenberg,16.0,17.0,17.0,0,1,16
1142,lance-stroll,17.0,14.0,14.0,0,1,17
1142,pierre-gasly,18.0,18.0,18.0,0,1,18
1142,franco-colapinto,19.0,16.0,16.0,0,1,19
1142,oscar-piastri,,9.0,9.0,0,0,DNF
1143,george-russell,1.0,1.0,1.0,0,1,1
1143,max-verstappen,2.0,2.0,2.0,0,1,2
1143,lando-norris,3.0,5.0,5.0,0,1,3
1143,oscar-piastri,4.0,3.0,3.0,0,1,4
1143,kimi-antonelli,5.0,4.0,4.0,0,1,5
1143,charles-leclerc,6.0,7.0,7.0,0,1,6
1143,fernando-alonso,7.0,10.0,10.0,0,1,7
1143,lewis-hamilton,8.0,6.0,6.0,0,1,8
1143,oliver-bearman,9.0,9.0,9.0,0,1,9
1143,carlos-sainz-jr,10.0,,18.0,0,1,10
1143,isack-hadjar,11.0,8.0,8.0,0,1,11
1143,yuki-tsunoda,12.0,13.0,13.0,0,1,12
1143,lance-stroll,13.0,15.0,15.0,0,1,13
1143,alexander-albon,14.0,,,1,1,14
1143,liam-lawson,15.0,12.0,12.0,0,1,15
1143,franco-colapinto,16.0,16.0,16.0,0,1,16
1143,gabriel-bortoleto,17.0,14.0,14.0,0,1,17
1143,esteban-ocon,18.0,17.0,17.0,0,1,18
1143,pierre-gasly,19.0,18.0,,1,1,19
1143,nico-hulkenberg,20.0,11.0,11.0,0,1,20
1144,max-verstappen,1.0,1.0,1.0,0,1,1
1144,lando-norris,2.0,2.0,2.0,0,1,2
1144,charles-leclerc,3.0,3.0,3.0,0,1,3
1144,lewis-hamilton,4.0,5.0,5.0,0,1,4
1144,oscar-piastri,5.0,6.0,6.0,0,1,5
1144,george-russell,6.0,4.0,4.0,0,1,6
1144,yuki-tsunoda,7.0,13.0,13.0,0,1,7
1144,nico-hulkenberg,8.0,11.0,11.0,0,1,8
1144,oliver-bearman,9.0,8.0,8.0,0,1,9
1144,fernando-alonso,10.0,10.0,10.0,0,1,10
1144,liam-lawson,11.0,12.0,12.0,0,1,11
1144,lance-stroll,12.0,18.0,19.0,0,1,12
1144,kimi-antonelli,13.0,7.0,7.0,0,1,13
1144,alexander-albon,14.0,19.0,18.0,0,1,14
1144,esteban-ocon,15.0,17.0,17.0,0,1,15
1144,isack-hadjar,16.0,,20.0,0,1,16
1144,franco-colapinto,17.0,15.0,15.0,0,1,17
1144,gabriel-bortoleto,18.0,16.0,16.0,0,1,18
1144,pierre-gasly,19.0,14.0,14.0,0,1,19
1144,carlos-sainz-jr,,9.0,9.0,0,0,DNF
1145,lando-norris,1.0,1.0,1.0,0,1,1
1145,charles-leclerc,2.0,2.0,2.0,0,1,2
1145,max-verstappen,3.0,5.0,5.0,0,1,3
1145,oliver-bearman,4.0,10.0,9.0,0,1,4
1145,oscar-piastri,5.0,8.0,7.0,0,1,5
1145,kimi-antonelli,6.0,6.0,6.0,0,1,6
1145,george-russell,7.0,4.0,4.0,0,1,7
1145,lewis-hamilton,8.0,3.0,3.0,0,1,8
1145,esteban-ocon,9.0,12.0,11.0,0,1,9
1145,gabriel-bortoleto,10.0,16.0,16.0,0,1,10
1145,yuki-tsunoda,11.0,11.0,10.0,0,1,11
1145,alexander-albon,12.0,17.0,17.0,0,1,12
1145,isack-hadjar,13.0,9.0,8.0,0,1,13
1145,lance-stroll,14.0,19.0,19.0,0,1,14
1145,pierre-gasly,15.0,18.0,18.0,0,1,15
1145,franco-colapinto,16.0,20.0,20.0,0,1,16
1145,carlos-sainz-jr,17.0,7.0,12.0,0,1,17
1145,fernando-alonso,,14.0,14.0,0,0,DNF
1145,nico-hulkenberg,,13.0,13.0,0,0,DNF
1145,liam-lawson,,15.0,15.0,0,0,DNF
1146,lando-norris,1.0,1.0,1.0,0,1,1
1146,kimi-antonelli,2.0,2.0,2.0,0,1,2
1146,max-verstappen,3.0,16.0,,1,1,3
1146,george-russell,4.0,6.0,6.0,0,1,4
1146,oscar-piastri,5.0,4.0,4.0,0,1,5
1146,oliver-bearman,6.0,8.0,8.0,0,1,6
1146,liam-lawson,7.0,7.0,7.0,0,1,7
1146,isack-hadjar,8.0,5.0,5.0,0,1,8
1146,nico-hulkenberg,9.0,10.0,10.0,0,1,9
1146,pierre-gasly,10.0,9.0,9.0,0,1,10
1146,alexander-albon,11.0,12.0,12.0,0,1,11
1146,esteban-ocon,12.0,17.0,,1,1,12
1146,carlos-sainz-jr,13.0,15.0,15.0,0,1,13
1146,fernando-alonso,14.0,11.0,11.0,0,1,14
1146,franco-colapinto,15.0,18.0,16.0,0,1,15
1146,lance-stroll,16.0,14.0,14.0,0,1,16
1146,yuki-tsunoda,17.0,19.0,17.0,0,1,17
1146,lewis-hamilton,,13.0,13.0,0,0,DNF
1146,charles-leclerc,,3.0,3.0,0,0,DNF
1146,gabriel-bortoleto,,,18.0,0,0,DNF
1147,max-verstappen,1.0,2.0,2.0,0,1,1
1147,george-russell,2.0,4.0,4.0,0,1,2
1147,kimi-antonelli,3.0,17.0,17.0,0,1,3
1147,charles-leclerc,4.0,9.0,9.0,0,1,4
1147,carlos-sainz-jr,5.0,3.0,3.0,0,1,5
1147,isack-hadjar,6.0,8.0,8.0,0,1,6
1147,nico-hulkenberg,7.0,11.0,11.0,0,1,7
1147,lewis-hamilton,8.0,20.0,19.0,0,1,8
1147,esteban-ocon,9.0,13.0,13.0,0,1,9
1147,oliver-bearman,10.0,14.0,14.0,0,1,10
1147,fernando-alonso,11.0,7.0,7.0,0,1,11
1147,yuki-tsunoda,12.0,19.0,,1,1,12
1147,pierre-gasly,13.0,10.0,10.0,0,1,13
1147,liam-lawson,14.0,6.0,6.0,0,1,14
1147,franco-colapinto,15.0,15.0,15.0,0,1,15
1147,alexander-albon,,16.0,16.0,0,0,DNF
1147,gabriel-bortoleto,,18.0,18.0,0,0,DNF
1147,lance-stroll,,12.0,12.0,0,0,DNF
1147,lando-norris,,1.0,1.0,0,0,DSQ
1147,oscar-piastri,,5.0,5.0,0,0,DSQ
1148,max-verstappen,1.0,3.0,3.0,0,1,1
1148,oscar-piastri,2.0,1.0,1.0,0,1,2
1148,carlos-sainz-jr,3.0,7.0,7.0,0,1,3
1148,lando-norris,4.0,2.0,2.0,0,1,4
1148,kimi-antonelli,5.0,5.0,5.0,0,1,5
1148,george-russell,6.0,4.0,4.0,0,1,6
1148,fernando-alonso,7.0,8.0,8.0,0,1,7
1148,charles-leclerc,8.0,10.0,10.0,0,1,8
1148,liam-lawson,9.0,12.0,12.0,0,1,9
1148,yuki-tsunoda,10.0,16.0,15.0,0,1,10
1148,alexander-albon,11.0,15.0,14.0,0,1,11
1148,lewis-hamilton,12.0,18.0,17.0,0,1,12
1148,gabriel-bortoleto,13.0,14.0,19.0,0,1,13
1148,franco-colapinto,14.0,20.0,,1,1,14
1148,esteban-ocon,15.0,17.0,16.0,0,1,15
1148,pierre-gasly,16.0,9.0,9.0,0,1,16
1148,lance-stroll,17.0,19.0,18.0,0,1,17
1148,isack-hadjar,18.0,6.0,6.0,0,1,18
1148,oliver-bearman,,13.0,13.0,0,0,DNF
1148,nico-hulkenberg,,11.0,11.0,0,0,DNF
1149,max-verstappen,1.0,1.0,1.0,0,1,1
1149,oscar-piastri,2.0,3.0,3.0,0,1,2
1149,lando-norris,3.0,2.0,2.0,0,1,3
1149,charles-leclerc,4.0,5.0,5.0,0,1,4
1149,george-russell,5.0,4.0,4.0,0,1,5
1149,fernando-alonso,6.0,6.0,6.0,0,1,6
1149,esteban-ocon,7.0,8.0,8.0,0,1,7
1149,lewis-hamilton,8.0,16.0,16.0,0,1,8
1149,nico-hulkenberg,9.0,18.0,18.0,0,1,9
1149,lance-stroll,10.0,15.0,15.0,0,1,10
1149,gabriel-bortoleto,11.0,7.0,7.0,0,1,11
1149,oliver-bearman,12.0,11.0,11.0,0,1,12
1149,carlos-sainz-jr,13.0,12.0,12.0,0,1,13
1149,yuki-tsunoda,14.0,10.0,10.0,0,1,14
1149,kimi-antonelli,15.0,14.0,14.0,0,1,15
1149,alexander-albon,16.0,17.0,17.0,0,1,16
1149,isack-hadjar,17.0,9.0,9.0,0,1,17
1149,liam-lawson,18.0,13.0,13.0,0,1,18
1149,pierre-gasly,19.0,19.0,19.0,0,1,19
1149,franco-colapinto,20.0,20.0,20.0,0,1,20
